1.150000000000000000e+02,nan
1.155000000000000000e+02,nan
1.160000000000000000e+02,nan
1.165000000000000000e+02,nan
1.170000000000000000e+02,nan
1.175000000000000000e+02,nan
1.180000000000000000e+02,nan
1.185000000000000000e+02,nan
1.190000000000000000e+02,nan
1.195000000000000000e+02,nan
1.200000000000000000e+02,nan
1.205000000000000000e+02,nan
1.210000000000000000e+02,nan
1.215000000000000000e+02,nan
1.220000000000000000e+02,nan
1.225000000000000000e+02,nan
1.230000000000000000e+02,nan
1.235000000000000000e+02,nan
1.240000000000000000e+02,nan
1.245000000000000000e+02,nan
1.250000000000000000e+02,nan
1.255000000000000000e+02,nan
1.260000000000000000e+02,nan
1.265000000000000000e+02,nan
1.270000000000000000e+02,nan
1.275000000000000000e+02,nan
1.280000000000000000e+02,nan
1.285000000000000000e+02,nan
1.290000000000000000e+02,nan
1.295000000000000000e+02,nan
1.300000000000000000e+02,nan
1.305000000000000000e+02,nan
1.310000000000000000e+02,nan
1.315000000000000000e+02,nan
1.320000000000000000e+02,nan
1.325000000000000000e+02,nan
1.330000000000000000e+02,nan
1.335000000000000000e+02,nan
1.340000000000000000e+02,nan
1.345000000000000000e+02,nan
1.350000000000000000e+02,nan
1.355000000000000000e+02,nan
1.360000000000000000e+02,nan
1.365000000000000000e+02,nan
1.370000000000000000e+02,nan
1.375000000000000000e+02,nan
1.380000000000000000e+02,nan
1.385000000000000000e+02,nan
1.390000000000000000e+02,nan
1.395000000000000000e+02,nan
1.400000000000000000e+02,nan
1.405000000000000000e+02,nan
1.410000000000000000e+02,nan
1.415000000000000000e+02,nan
1.420000000000000000e+02,nan
1.425000000000000000e+02,nan
1.430000000000000000e+02,nan
1.435000000000000000e+02,nan
1.440000000000000000e+02,nan
1.445000000000000000e+02,nan
1.450000000000000000e+02,nan
1.455000000000000000e+02,nan
1.460000000000000000e+02,nan
1.465000000000000000e+02,nan
1.470000000000000000e+02,nan
1.475000000000000000e+02,nan
1.480000000000000000e+02,nan
1.485000000000000000e+02,nan
1.490000000000000000e+02,nan
1.495000000000000000e+02,nan
1.500000000000000000e+02,nan
1.505000000000000000e+02,nan
1.510000000000000000e+02,nan
1.515000000000000000e+02,nan
1.520000000000000000e+02,nan
1.525000000000000000e+02,nan
1.530000000000000000e+02,nan
1.535000000000000000e+02,nan
1.540000000000000000e+02,nan
1.545000000000000000e+02,nan
1.550000000000000000e+02,nan
1.555000000000000000e+02,nan
1.560000000000000000e+02,nan
1.565000000000000000e+02,nan
1.570000000000000000e+02,nan
1.575000000000000000e+02,nan
1.580000000000000000e+02,nan
1.585000000000000000e+02,nan
1.590000000000000000e+02,nan
1.595000000000000000e+02,nan
1.600000000000000000e+02,nan
1.605000000000000000e+02,nan
1.610000000000000000e+02,nan
1.615000000000000000e+02,nan
1.620000000000000000e+02,nan
1.625000000000000000e+02,nan
1.630000000000000000e+02,nan
1.635000000000000000e+02,nan
1.640000000000000000e+02,nan
1.645000000000000000e+02,nan
1.650000000000000000e+02,nan
1.655000000000000000e+02,nan
1.660000000000000000e+02,nan
1.665000000000000000e+02,nan
1.670000000000000000e+02,nan
1.675000000000000000e+02,nan
1.680000000000000000e+02,nan
1.685000000000000000e+02,nan
1.690000000000000000e+02,nan
1.695000000000000000e+02,nan
1.700000000000000000e+02,nan
1.705000000000000000e+02,nan
1.710000000000000000e+02,nan
1.715000000000000000e+02,nan
1.720000000000000000e+02,nan
1.725000000000000000e+02,nan
1.730000000000000000e+02,nan
1.735000000000000000e+02,nan
1.740000000000000000e+02,nan
1.745000000000000000e+02,nan
1.750000000000000000e+02,nan
1.755000000000000000e+02,nan
1.760000000000000000e+02,nan
1.765000000000000000e+02,nan
1.770000000000000000e+02,nan
1.775000000000000000e+02,nan
1.780000000000000000e+02,nan
1.785000000000000000e+02,nan
1.790000000000000000e+02,nan
1.795000000000000000e+02,nan
1.800000000000000000e+02,nan
1.805000000000000000e+02,nan
1.810000000000000000e+02,nan
1.815000000000000000e+02,nan
1.820000000000000000e+02,nan
1.825000000000000000e+02,nan
1.830000000000000000e+02,nan
1.835000000000000000e+02,nan
1.840000000000000000e+02,nan
1.845000000000000000e+02,nan
1.850000000000000000e+02,nan
1.855000000000000000e+02,nan
1.860000000000000000e+02,nan
1.865000000000000000e+02,nan
1.870000000000000000e+02,nan
1.875000000000000000e+02,nan
1.880000000000000000e+02,nan
1.885000000000000000e+02,nan
1.890000000000000000e+02,nan
1.895000000000000000e+02,nan
1.900000000000000000e+02,nan
1.905000000000000000e+02,nan
1.910000000000000000e+02,nan
1.915000000000000000e+02,nan
1.920000000000000000e+02,nan
1.925000000000000000e+02,nan
1.930000000000000000e+02,nan
1.935000000000000000e+02,nan
1.940000000000000000e+02,nan
1.945000000000000000e+02,nan
1.950000000000000000e+02,nan
1.955000000000000000e+02,nan
1.960000000000000000e+02,nan
1.965000000000000000e+02,nan
1.970000000000000000e+02,nan
1.975000000000000000e+02,nan
1.980000000000000000e+02,nan
1.985000000000000000e+02,nan
1.990000000000000000e+02,nan
1.995000000000000000e+02,nan
2.000000000000000000e+02,nan
2.005000000000000000e+02,nan
2.010000000000000000e+02,nan
2.015000000000000000e+02,nan
2.020000000000000000e+02,nan
2.025000000000000000e+02,nan
2.030000000000000000e+02,nan
2.035000000000000000e+02,nan
2.040000000000000000e+02,nan
2.045000000000000000e+02,nan
2.050000000000000000e+02,nan
2.055000000000000000e+02,nan
2.060000000000000000e+02,nan
2.065000000000000000e+02,nan
2.070000000000000000e+02,nan
2.075000000000000000e+02,nan
2.080000000000000000e+02,nan
2.085000000000000000e+02,nan
2.090000000000000000e+02,nan
2.095000000000000000e+02,nan
2.100000000000000000e+02,nan
2.105000000000000000e+02,nan
2.110000000000000000e+02,nan
2.115000000000000000e+02,nan
2.120000000000000000e+02,nan
2.125000000000000000e+02,nan
2.130000000000000000e+02,nan
2.135000000000000000e+02,nan
2.140000000000000000e+02,nan
2.145000000000000000e+02,nan
2.150000000000000000e+02,nan
2.155000000000000000e+02,nan
2.160000000000000000e+02,nan
2.165000000000000000e+02,nan
2.170000000000000000e+02,nan
2.175000000000000000e+02,nan
2.180000000000000000e+02,nan
2.185000000000000000e+02,nan
2.190000000000000000e+02,nan
2.195000000000000000e+02,nan
2.200000000000000000e+02,nan
2.205000000000000000e+02,nan
2.210000000000000000e+02,nan
2.215000000000000000e+02,nan
2.220000000000000000e+02,nan
2.225000000000000000e+02,nan
2.230000000000000000e+02,nan
2.235000000000000000e+02,nan
2.240000000000000000e+02,nan
2.245000000000000000e+02,nan
2.250000000000000000e+02,nan
2.255000000000000000e+02,nan
2.260000000000000000e+02,nan
2.265000000000000000e+02,nan
2.270000000000000000e+02,nan
2.275000000000000000e+02,nan
2.280000000000000000e+02,nan
2.285000000000000000e+02,nan
2.290000000000000000e+02,nan
2.295000000000000000e+02,nan
2.300000000000000000e+02,nan
2.305000000000000000e+02,nan
2.310000000000000000e+02,nan
2.315000000000000000e+02,nan
2.320000000000000000e+02,nan
2.325000000000000000e+02,nan
2.330000000000000000e+02,nan
2.335000000000000000e+02,nan
2.340000000000000000e+02,nan
2.345000000000000000e+02,nan
2.350000000000000000e+02,nan
2.355000000000000000e+02,nan
2.360000000000000000e+02,nan
2.365000000000000000e+02,nan
2.370000000000000000e+02,nan
2.375000000000000000e+02,nan
2.380000000000000000e+02,nan
2.385000000000000000e+02,nan
2.390000000000000000e+02,nan
2.395000000000000000e+02,nan
2.400000000000000000e+02,nan
2.405000000000000000e+02,nan
2.410000000000000000e+02,nan
2.415000000000000000e+02,nan
2.420000000000000000e+02,nan
2.425000000000000000e+02,nan
2.430000000000000000e+02,nan
2.435000000000000000e+02,nan
2.440000000000000000e+02,nan
2.445000000000000000e+02,nan
2.450000000000000000e+02,nan
2.455000000000000000e+02,nan
2.460000000000000000e+02,nan
2.465000000000000000e+02,nan
2.470000000000000000e+02,nan
2.475000000000000000e+02,nan
2.480000000000000000e+02,nan
2.485000000000000000e+02,nan
2.490000000000000000e+02,nan
2.495000000000000000e+02,nan
2.500000000000000000e+02,nan
2.505000000000000000e+02,nan
2.510000000000000000e+02,nan
2.515000000000000000e+02,nan
2.520000000000000000e+02,nan
2.525000000000000000e+02,nan
2.530000000000000000e+02,nan
2.535000000000000000e+02,nan
2.540000000000000000e+02,nan
2.545000000000000000e+02,nan
2.550000000000000000e+02,nan
2.555000000000000000e+02,nan
2.560000000000000000e+02,nan
2.565000000000000000e+02,nan
2.570000000000000000e+02,nan
2.575000000000000000e+02,nan
2.580000000000000000e+02,nan
2.585000000000000000e+02,nan
2.590000000000000000e+02,nan
2.595000000000000000e+02,nan
2.600000000000000000e+02,nan
2.605000000000000000e+02,nan
2.610000000000000000e+02,nan
2.615000000000000000e+02,nan
2.620000000000000000e+02,nan
2.625000000000000000e+02,nan
2.630000000000000000e+02,nan
2.635000000000000000e+02,nan
2.640000000000000000e+02,nan
2.645000000000000000e+02,nan
2.650000000000000000e+02,nan
2.655000000000000000e+02,nan
2.660000000000000000e+02,nan
2.665000000000000000e+02,nan
2.670000000000000000e+02,nan
2.675000000000000000e+02,nan
2.680000000000000000e+02,nan
2.685000000000000000e+02,nan
2.690000000000000000e+02,nan
2.695000000000000000e+02,nan
2.700000000000000000e+02,nan
2.705000000000000000e+02,nan
2.710000000000000000e+02,nan
2.715000000000000000e+02,nan
2.720000000000000000e+02,nan
2.725000000000000000e+02,nan
2.730000000000000000e+02,nan
2.735000000000000000e+02,nan
2.740000000000000000e+02,nan
2.745000000000000000e+02,nan
2.750000000000000000e+02,nan
2.755000000000000000e+02,nan
2.760000000000000000e+02,nan
2.765000000000000000e+02,nan
2.770000000000000000e+02,nan
2.775000000000000000e+02,nan
2.780000000000000000e+02,nan
2.785000000000000000e+02,nan
2.790000000000000000e+02,nan
2.795000000000000000e+02,nan
2.800000000000000000e+02,nan
2.805000000000000000e+02,nan
2.810000000000000000e+02,nan
2.815000000000000000e+02,nan
2.820000000000000000e+02,nan
2.825000000000000000e+02,nan
2.830000000000000000e+02,nan
2.835000000000000000e+02,nan
2.840000000000000000e+02,nan
2.845000000000000000e+02,nan
2.850000000000000000e+02,nan
2.855000000000000000e+02,nan
2.860000000000000000e+02,nan
2.865000000000000000e+02,nan
2.870000000000000000e+02,nan
2.875000000000000000e+02,nan
2.880000000000000000e+02,nan
2.885000000000000000e+02,nan
2.890000000000000000e+02,nan
2.895000000000000000e+02,nan
2.900000000000000000e+02,nan
2.905000000000000000e+02,nan
2.910000000000000000e+02,nan
2.915000000000000000e+02,nan
2.920000000000000000e+02,nan
2.925000000000000000e+02,nan
2.930000000000000000e+02,nan
2.935000000000000000e+02,nan
2.940000000000000000e+02,nan
2.945000000000000000e+02,nan
2.950000000000000000e+02,nan
2.955000000000000000e+02,nan
2.960000000000000000e+02,nan
2.965000000000000000e+02,nan
2.970000000000000000e+02,nan
2.975000000000000000e+02,nan
2.980000000000000000e+02,nan
2.985000000000000000e+02,nan
2.990000000000000000e+02,nan
2.995000000000000000e+02,nan
3.000000000000000000e+02,nan
3.005000000000000000e+02,nan
3.010000000000000000e+02,nan
3.015000000000000000e+02,nan
3.020000000000000000e+02,nan
3.025000000000000000e+02,nan
3.030000000000000000e+02,nan
3.035000000000000000e+02,nan
3.040000000000000000e+02,nan
3.045000000000000000e+02,nan
3.050000000000000000e+02,nan
3.055000000000000000e+02,nan
3.060000000000000000e+02,nan
3.065000000000000000e+02,nan
3.070000000000000000e+02,nan
3.075000000000000000e+02,nan
3.080000000000000000e+02,nan
3.085000000000000000e+02,nan
3.090000000000000000e+02,nan
3.095000000000000000e+02,nan
3.100000000000000000e+02,nan
3.105000000000000000e+02,nan
3.110000000000000000e+02,nan
3.115000000000000000e+02,nan
3.120000000000000000e+02,nan
3.125000000000000000e+02,nan
3.130000000000000000e+02,nan
3.135000000000000000e+02,nan
3.140000000000000000e+02,nan
3.145000000000000000e+02,nan
3.150000000000000000e+02,nan
3.155000000000000000e+02,nan
3.160000000000000000e+02,nan
3.165000000000000000e+02,nan
3.170000000000000000e+02,nan
3.175000000000000000e+02,nan
3.180000000000000000e+02,nan
3.185000000000000000e+02,nan
3.190000000000000000e+02,nan
3.195000000000000000e+02,nan
3.200000000000000000e+02,nan
3.205000000000000000e+02,nan
3.210000000000000000e+02,nan
3.215000000000000000e+02,nan
3.220000000000000000e+02,nan
3.225000000000000000e+02,nan
3.230000000000000000e+02,nan
3.235000000000000000e+02,nan
3.240000000000000000e+02,nan
3.245000000000000000e+02,nan
3.250000000000000000e+02,nan
3.255000000000000000e+02,nan
3.260000000000000000e+02,nan
3.265000000000000000e+02,nan
3.270000000000000000e+02,nan
3.275000000000000000e+02,nan
3.280000000000000000e+02,nan
3.285000000000000000e+02,nan
3.290000000000000000e+02,nan
3.295000000000000000e+02,nan
3.300000000000000000e+02,nan
3.305000000000000000e+02,nan
3.310000000000000000e+02,nan
3.315000000000000000e+02,nan
3.320000000000000000e+02,nan
3.325000000000000000e+02,nan
3.330000000000000000e+02,nan
3.335000000000000000e+02,nan
3.340000000000000000e+02,nan
3.345000000000000000e+02,nan
3.350000000000000000e+02,nan
3.355000000000000000e+02,nan
3.360000000000000000e+02,nan
3.365000000000000000e+02,nan
3.370000000000000000e+02,nan
3.375000000000000000e+02,nan
3.380000000000000000e+02,nan
3.385000000000000000e+02,nan
3.390000000000000000e+02,nan
3.395000000000000000e+02,nan
3.400000000000000000e+02,nan
3.405000000000000000e+02,nan
3.410000000000000000e+02,nan
3.415000000000000000e+02,nan
3.420000000000000000e+02,nan
3.425000000000000000e+02,nan
3.430000000000000000e+02,nan
3.435000000000000000e+02,nan
3.440000000000000000e+02,nan
3.445000000000000000e+02,nan
3.450000000000000000e+02,nan
3.455000000000000000e+02,nan
3.460000000000000000e+02,nan
3.465000000000000000e+02,nan
3.470000000000000000e+02,nan
3.475000000000000000e+02,nan
3.480000000000000000e+02,nan
3.485000000000000000e+02,nan
3.490000000000000000e+02,nan
3.495000000000000000e+02,nan
3.500000000000000000e+02,nan
3.505000000000000000e+02,nan
3.510000000000000000e+02,nan
3.515000000000000000e+02,nan
3.520000000000000000e+02,nan
3.525000000000000000e+02,nan
3.530000000000000000e+02,nan
3.535000000000000000e+02,nan
3.540000000000000000e+02,nan
3.545000000000000000e+02,nan
3.550000000000000000e+02,nan
3.555000000000000000e+02,nan
3.560000000000000000e+02,nan
3.565000000000000000e+02,nan
3.570000000000000000e+02,nan
3.575000000000000000e+02,nan
3.580000000000000000e+02,nan
3.585000000000000000e+02,nan
3.590000000000000000e+02,nan
3.595000000000000000e+02,nan
3.600000000000000000e+02,nan
3.605000000000000000e+02,nan
3.610000000000000000e+02,nan
3.615000000000000000e+02,nan
3.620000000000000000e+02,nan
3.625000000000000000e+02,nan
3.630000000000000000e+02,nan
3.635000000000000000e+02,nan
3.640000000000000000e+02,nan
3.645000000000000000e+02,nan
3.650000000000000000e+02,nan
3.655000000000000000e+02,nan
3.660000000000000000e+02,nan
3.665000000000000000e+02,nan
3.670000000000000000e+02,nan
3.675000000000000000e+02,nan
3.680000000000000000e+02,nan
3.685000000000000000e+02,nan
3.690000000000000000e+02,nan
3.695000000000000000e+02,nan
3.700000000000000000e+02,nan
3.705000000000000000e+02,nan
3.710000000000000000e+02,nan
3.715000000000000000e+02,nan
3.720000000000000000e+02,nan
3.725000000000000000e+02,nan
3.730000000000000000e+02,nan
3.735000000000000000e+02,nan
3.740000000000000000e+02,nan
3.745000000000000000e+02,nan
3.750000000000000000e+02,nan
3.755000000000000000e+02,nan
3.760000000000000000e+02,nan
3.765000000000000000e+02,nan
3.770000000000000000e+02,nan
3.775000000000000000e+02,nan
3.780000000000000000e+02,nan
3.785000000000000000e+02,nan
3.790000000000000000e+02,nan
3.795000000000000000e+02,nan
3.800000000000000000e+02,nan
3.805000000000000000e+02,nan
3.810000000000000000e+02,nan
3.815000000000000000e+02,nan
3.820000000000000000e+02,nan
3.825000000000000000e+02,nan
3.830000000000000000e+02,nan
3.835000000000000000e+02,nan
3.840000000000000000e+02,nan
3.845000000000000000e+02,nan
3.850000000000000000e+02,nan
3.855000000000000000e+02,nan
3.860000000000000000e+02,nan
3.865000000000000000e+02,nan
3.870000000000000000e+02,nan
3.875000000000000000e+02,nan
3.880000000000000000e+02,nan
3.885000000000000000e+02,nan
3.890000000000000000e+02,nan
3.895000000000000000e+02,nan
3.900000000000000000e+02,nan
3.905000000000000000e+02,nan
3.910000000000000000e+02,nan
3.915000000000000000e+02,nan
3.920000000000000000e+02,nan
3.925000000000000000e+02,nan
3.930000000000000000e+02,nan
3.935000000000000000e+02,nan
3.940000000000000000e+02,nan
3.945000000000000000e+02,nan
3.950000000000000000e+02,nan
3.955000000000000000e+02,nan
3.960000000000000000e+02,nan
3.965000000000000000e+02,nan
3.970000000000000000e+02,nan
3.975000000000000000e+02,nan
3.980000000000000000e+02,nan
3.985000000000000000e+02,nan
3.990000000000000000e+02,nan
3.995000000000000000e+02,nan
4.000000000000000000e+02,nan
4.005000000000000000e+02,nan
4.010000000000000000e+02,nan
4.015000000000000000e+02,nan
4.020000000000000000e+02,nan
4.025000000000000000e+02,nan
4.030000000000000000e+02,nan
4.035000000000000000e+02,nan
4.040000000000000000e+02,nan
4.045000000000000000e+02,nan
4.050000000000000000e+02,nan
4.055000000000000000e+02,nan
4.060000000000000000e+02,nan
4.065000000000000000e+02,nan
4.070000000000000000e+02,nan
4.075000000000000000e+02,nan
4.080000000000000000e+02,nan
4.085000000000000000e+02,nan
4.090000000000000000e+02,nan
4.095000000000000000e+02,nan
4.100000000000000000e+02,nan
4.105000000000000000e+02,nan
4.110000000000000000e+02,nan
4.115000000000000000e+02,nan
4.120000000000000000e+02,nan
4.125000000000000000e+02,nan
4.130000000000000000e+02,nan
4.135000000000000000e+02,nan
4.140000000000000000e+02,nan
4.145000000000000000e+02,nan
4.150000000000000000e+02,nan
4.155000000000000000e+02,nan
4.160000000000000000e+02,nan
4.165000000000000000e+02,nan
4.170000000000000000e+02,nan
4.175000000000000000e+02,nan
4.180000000000000000e+02,nan
4.185000000000000000e+02,nan
4.190000000000000000e+02,nan
4.195000000000000000e+02,nan
4.200000000000000000e+02,nan
4.205000000000000000e+02,nan
4.210000000000000000e+02,nan
4.215000000000000000e+02,nan
4.220000000000000000e+02,nan
4.225000000000000000e+02,nan
4.230000000000000000e+02,nan
4.235000000000000000e+02,nan
4.240000000000000000e+02,nan
4.245000000000000000e+02,nan
4.250000000000000000e+02,nan
4.255000000000000000e+02,nan
4.260000000000000000e+02,nan
4.265000000000000000e+02,nan
4.270000000000000000e+02,nan
4.275000000000000000e+02,nan
4.280000000000000000e+02,nan
4.285000000000000000e+02,nan
4.290000000000000000e+02,nan
4.295000000000000000e+02,nan
4.300000000000000000e+02,nan
4.305000000000000000e+02,nan
4.310000000000000000e+02,nan
4.315000000000000000e+02,nan
4.320000000000000000e+02,nan
4.325000000000000000e+02,nan
4.330000000000000000e+02,nan
4.335000000000000000e+02,nan
4.340000000000000000e+02,nan
4.345000000000000000e+02,nan
4.350000000000000000e+02,nan
4.355000000000000000e+02,nan
4.360000000000000000e+02,nan
4.365000000000000000e+02,nan
4.370000000000000000e+02,nan
4.375000000000000000e+02,nan
4.380000000000000000e+02,nan
4.385000000000000000e+02,nan
4.390000000000000000e+02,nan
4.395000000000000000e+02,nan
4.400000000000000000e+02,nan
4.405000000000000000e+02,nan
4.410000000000000000e+02,nan
4.415000000000000000e+02,nan
4.420000000000000000e+02,nan
4.425000000000000000e+02,nan
4.430000000000000000e+02,nan
4.435000000000000000e+02,nan
4.440000000000000000e+02,nan
4.445000000000000000e+02,nan
4.450000000000000000e+02,nan
4.455000000000000000e+02,nan
4.460000000000000000e+02,nan
4.465000000000000000e+02,nan
4.470000000000000000e+02,nan
4.475000000000000000e+02,nan
4.480000000000000000e+02,nan
4.485000000000000000e+02,nan
4.490000000000000000e+02,nan
4.495000000000000000e+02,nan
4.500000000000000000e+02,nan
4.505000000000000000e+02,nan
4.510000000000000000e+02,nan
4.515000000000000000e+02,nan
4.520000000000000000e+02,nan
4.525000000000000000e+02,nan
4.530000000000000000e+02,nan
4.535000000000000000e+02,nan
4.540000000000000000e+02,nan
4.545000000000000000e+02,nan
4.550000000000000000e+02,nan
4.555000000000000000e+02,nan
4.560000000000000000e+02,nan
4.565000000000000000e+02,nan
4.570000000000000000e+02,nan
4.575000000000000000e+02,nan
4.580000000000000000e+02,nan
4.585000000000000000e+02,nan
4.590000000000000000e+02,nan
4.595000000000000000e+02,nan
4.600000000000000000e+02,nan
4.605000000000000000e+02,nan
4.610000000000000000e+02,nan
4.615000000000000000e+02,nan
4.620000000000000000e+02,nan
4.625000000000000000e+02,nan
4.630000000000000000e+02,nan
4.635000000000000000e+02,nan
4.640000000000000000e+02,nan
4.645000000000000000e+02,nan
4.650000000000000000e+02,nan
4.655000000000000000e+02,nan
4.660000000000000000e+02,nan
4.665000000000000000e+02,nan
4.670000000000000000e+02,nan
4.675000000000000000e+02,nan
4.680000000000000000e+02,nan
4.685000000000000000e+02,nan
4.690000000000000000e+02,nan
4.695000000000000000e+02,nan
4.700000000000000000e+02,nan
4.705000000000000000e+02,nan
4.710000000000000000e+02,nan
4.715000000000000000e+02,nan
4.720000000000000000e+02,nan
4.725000000000000000e+02,nan
4.730000000000000000e+02,nan
4.735000000000000000e+02,nan
4.740000000000000000e+02,nan
4.745000000000000000e+02,nan
4.750000000000000000e+02,nan
4.755000000000000000e+02,nan
4.760000000000000000e+02,nan
4.765000000000000000e+02,nan
4.770000000000000000e+02,nan
4.775000000000000000e+02,nan
4.780000000000000000e+02,nan
4.785000000000000000e+02,nan
4.790000000000000000e+02,nan
4.795000000000000000e+02,nan
4.800000000000000000e+02,nan
4.805000000000000000e+02,nan
4.810000000000000000e+02,nan
4.815000000000000000e+02,nan
4.820000000000000000e+02,nan
4.825000000000000000e+02,nan
4.830000000000000000e+02,nan
4.835000000000000000e+02,nan
4.840000000000000000e+02,nan
4.845000000000000000e+02,nan
4.850000000000000000e+02,nan
4.855000000000000000e+02,nan
4.860000000000000000e+02,nan
4.865000000000000000e+02,nan
4.870000000000000000e+02,nan
4.875000000000000000e+02,nan
4.880000000000000000e+02,nan
4.885000000000000000e+02,nan
4.890000000000000000e+02,nan
4.895000000000000000e+02,nan
4.900000000000000000e+02,nan
4.905000000000000000e+02,nan
4.910000000000000000e+02,nan
4.915000000000000000e+02,nan
4.920000000000000000e+02,nan
4.925000000000000000e+02,nan
4.930000000000000000e+02,nan
4.935000000000000000e+02,nan
4.940000000000000000e+02,nan
4.945000000000000000e+02,nan
4.950000000000000000e+02,nan
4.955000000000000000e+02,nan
4.960000000000000000e+02,nan
4.965000000000000000e+02,nan
4.970000000000000000e+02,nan
4.975000000000000000e+02,nan
4.980000000000000000e+02,nan
4.985000000000000000e+02,nan
4.990000000000000000e+02,nan
4.995000000000000000e+02,nan
5.000000000000000000e+02,nan
5.005000000000000000e+02,nan
5.010000000000000000e+02,nan
5.015000000000000000e+02,nan
5.020000000000000000e+02,nan
5.025000000000000000e+02,nan
5.030000000000000000e+02,nan
5.035000000000000000e+02,nan
5.040000000000000000e+02,nan
5.045000000000000000e+02,nan
5.050000000000000000e+02,nan
5.055000000000000000e+02,nan
5.060000000000000000e+02,nan
5.065000000000000000e+02,nan
5.070000000000000000e+02,nan
5.075000000000000000e+02,nan
5.080000000000000000e+02,nan
5.085000000000000000e+02,nan
5.090000000000000000e+02,nan
5.095000000000000000e+02,nan
5.100000000000000000e+02,nan
5.105000000000000000e+02,nan
5.110000000000000000e+02,nan
5.115000000000000000e+02,nan
5.120000000000000000e+02,nan
5.125000000000000000e+02,nan
5.130000000000000000e+02,nan
5.135000000000000000e+02,nan
5.140000000000000000e+02,nan
5.145000000000000000e+02,nan
5.150000000000000000e+02,nan
5.155000000000000000e+02,nan
5.160000000000000000e+02,nan
5.165000000000000000e+02,nan
5.170000000000000000e+02,nan
5.175000000000000000e+02,nan
5.180000000000000000e+02,nan
5.185000000000000000e+02,nan
5.190000000000000000e+02,nan
5.195000000000000000e+02,nan
5.200000000000000000e+02,nan
5.205000000000000000e+02,nan
5.210000000000000000e+02,nan
5.215000000000000000e+02,nan
5.220000000000000000e+02,nan
5.225000000000000000e+02,nan
5.230000000000000000e+02,nan
5.235000000000000000e+02,nan
5.240000000000000000e+02,nan
5.245000000000000000e+02,nan
5.250000000000000000e+02,nan
5.255000000000000000e+02,nan
5.260000000000000000e+02,nan
5.265000000000000000e+02,nan
5.270000000000000000e+02,nan
5.275000000000000000e+02,nan
5.280000000000000000e+02,nan
5.285000000000000000e+02,nan
5.290000000000000000e+02,nan
5.295000000000000000e+02,nan
5.300000000000000000e+02,nan
5.305000000000000000e+02,nan
5.310000000000000000e+02,nan
5.315000000000000000e+02,nan
5.320000000000000000e+02,nan
5.325000000000000000e+02,nan
5.330000000000000000e+02,nan
5.335000000000000000e+02,nan
5.340000000000000000e+02,nan
5.345000000000000000e+02,nan
5.350000000000000000e+02,nan
5.355000000000000000e+02,nan
5.360000000000000000e+02,nan
5.365000000000000000e+02,nan
5.370000000000000000e+02,nan
5.375000000000000000e+02,nan
5.380000000000000000e+02,nan
5.385000000000000000e+02,nan
5.390000000000000000e+02,nan
5.395000000000000000e+02,nan
5.400000000000000000e+02,nan
5.405000000000000000e+02,nan
5.410000000000000000e+02,nan
5.415000000000000000e+02,nan
5.420000000000000000e+02,nan
5.425000000000000000e+02,nan
5.430000000000000000e+02,nan
5.435000000000000000e+02,nan
5.440000000000000000e+02,nan
5.445000000000000000e+02,nan
5.450000000000000000e+02,nan
5.455000000000000000e+02,nan
5.460000000000000000e+02,nan
5.465000000000000000e+02,nan
5.470000000000000000e+02,nan
5.475000000000000000e+02,nan
5.480000000000000000e+02,nan
5.485000000000000000e+02,nan
5.490000000000000000e+02,nan
5.495000000000000000e+02,nan
5.500000000000000000e+02,nan
5.505000000000000000e+02,nan
5.510000000000000000e+02,nan
5.515000000000000000e+02,nan
5.520000000000000000e+02,nan
5.525000000000000000e+02,nan
5.530000000000000000e+02,nan
5.535000000000000000e+02,nan
5.540000000000000000e+02,nan
5.545000000000000000e+02,nan
5.550000000000000000e+02,nan
5.555000000000000000e+02,nan
5.560000000000000000e+02,nan
5.565000000000000000e+02,nan
5.570000000000000000e+02,nan
5.575000000000000000e+02,nan
5.580000000000000000e+02,nan
5.585000000000000000e+02,nan
5.590000000000000000e+02,nan
5.595000000000000000e+02,nan
5.600000000000000000e+02,nan
5.605000000000000000e+02,nan
5.610000000000000000e+02,nan
5.615000000000000000e+02,nan
5.620000000000000000e+02,nan
5.625000000000000000e+02,nan
5.630000000000000000e+02,nan
5.635000000000000000e+02,nan
5.640000000000000000e+02,nan
5.645000000000000000e+02,nan
5.650000000000000000e+02,nan
5.655000000000000000e+02,nan
5.660000000000000000e+02,nan
5.665000000000000000e+02,nan
5.670000000000000000e+02,nan
5.675000000000000000e+02,nan
5.680000000000000000e+02,nan
5.685000000000000000e+02,nan
5.690000000000000000e+02,nan
5.695000000000000000e+02,nan
5.700000000000000000e+02,nan
5.705000000000000000e+02,nan
5.710000000000000000e+02,nan
5.715000000000000000e+02,nan
5.720000000000000000e+02,nan
5.725000000000000000e+02,nan
5.730000000000000000e+02,nan
5.735000000000000000e+02,nan
5.740000000000000000e+02,nan
5.745000000000000000e+02,nan
5.750000000000000000e+02,nan
5.755000000000000000e+02,nan
5.760000000000000000e+02,nan
5.765000000000000000e+02,nan
5.770000000000000000e+02,nan
5.775000000000000000e+02,nan
5.780000000000000000e+02,nan
5.785000000000000000e+02,nan
5.790000000000000000e+02,nan
5.795000000000000000e+02,nan
5.800000000000000000e+02,nan
5.805000000000000000e+02,nan
5.810000000000000000e+02,nan
5.815000000000000000e+02,nan
5.820000000000000000e+02,nan
5.825000000000000000e+02,nan
5.830000000000000000e+02,nan
5.835000000000000000e+02,nan
5.840000000000000000e+02,nan
5.845000000000000000e+02,nan
5.850000000000000000e+02,nan
5.855000000000000000e+02,nan
5.860000000000000000e+02,nan
5.865000000000000000e+02,nan
5.870000000000000000e+02,nan
5.875000000000000000e+02,nan
5.880000000000000000e+02,nan
5.885000000000000000e+02,nan
5.890000000000000000e+02,nan
5.895000000000000000e+02,nan
5.900000000000000000e+02,nan
5.905000000000000000e+02,nan
5.910000000000000000e+02,nan
5.915000000000000000e+02,nan
5.920000000000000000e+02,nan
5.925000000000000000e+02,nan
5.930000000000000000e+02,nan
5.935000000000000000e+02,nan
5.940000000000000000e+02,nan
5.945000000000000000e+02,nan
5.950000000000000000e+02,nan
5.955000000000000000e+02,nan
5.960000000000000000e+02,nan
5.965000000000000000e+02,nan
5.970000000000000000e+02,nan
5.975000000000000000e+02,nan
5.980000000000000000e+02,nan
5.985000000000000000e+02,nan
5.990000000000000000e+02,nan
5.995000000000000000e+02,nan
6.000000000000000000e+02,nan
6.005000000000000000e+02,nan
6.010000000000000000e+02,nan
6.015000000000000000e+02,nan
6.020000000000000000e+02,nan
6.025000000000000000e+02,nan
6.030000000000000000e+02,nan
6.035000000000000000e+02,nan
6.040000000000000000e+02,nan
6.045000000000000000e+02,nan
6.050000000000000000e+02,nan
6.055000000000000000e+02,nan
6.060000000000000000e+02,nan
6.065000000000000000e+02,nan
6.070000000000000000e+02,nan
6.075000000000000000e+02,nan
6.080000000000000000e+02,nan
6.085000000000000000e+02,nan
6.090000000000000000e+02,nan
6.095000000000000000e+02,nan
6.100000000000000000e+02,nan
6.105000000000000000e+02,nan
6.110000000000000000e+02,nan
6.115000000000000000e+02,nan
6.120000000000000000e+02,nan
6.125000000000000000e+02,nan
6.130000000000000000e+02,nan
6.135000000000000000e+02,nan
6.140000000000000000e+02,nan
6.145000000000000000e+02,nan
6.150000000000000000e+02,nan
6.155000000000000000e+02,nan
6.160000000000000000e+02,nan
6.165000000000000000e+02,nan
6.170000000000000000e+02,nan
6.175000000000000000e+02,nan
6.180000000000000000e+02,nan
6.185000000000000000e+02,nan
6.190000000000000000e+02,nan
6.195000000000000000e+02,nan
6.200000000000000000e+02,nan
6.205000000000000000e+02,nan
6.210000000000000000e+02,nan
6.215000000000000000e+02,nan
6.220000000000000000e+02,nan
6.225000000000000000e+02,nan
6.230000000000000000e+02,nan
6.235000000000000000e+02,nan
6.240000000000000000e+02,nan
6.245000000000000000e+02,nan
6.250000000000000000e+02,nan
6.255000000000000000e+02,nan
6.260000000000000000e+02,nan
6.265000000000000000e+02,nan
6.270000000000000000e+02,nan
6.275000000000000000e+02,nan
6.280000000000000000e+02,nan
6.285000000000000000e+02,nan
6.290000000000000000e+02,nan
6.295000000000000000e+02,nan
6.300000000000000000e+02,nan
6.305000000000000000e+02,nan
6.310000000000000000e+02,nan
6.315000000000000000e+02,nan
6.320000000000000000e+02,nan
6.325000000000000000e+02,nan
6.330000000000000000e+02,nan
6.335000000000000000e+02,nan
6.340000000000000000e+02,nan
6.345000000000000000e+02,nan
6.350000000000000000e+02,nan
6.355000000000000000e+02,nan
6.360000000000000000e+02,2.457010377263346007e-02
6.365000000000000000e+02,3.987964493405510985e-02
6.370000000000000000e+02,5.913017560415029933e-02
6.375000000000000000e+02,7.899218744432899564e-02
6.380000000000000000e+02,1.164800136469612835e-01
6.385000000000000000e+02,1.555215927652932872e-01
6.390000000000000000e+02,2.036990232106033749e-01
6.395000000000000000e+02,2.523082737649163243e-01
6.400000000000000000e+02,3.048780164289678352e-01
6.405000000000000000e+02,3.574477590930194015e-01
6.410000000000000000e+02,4.601894383043664272e-01
6.415000000000000000e+02,5.791663233254744636e-01
6.420000000000000000e+02,8.184635849283896647e-01
6.425000000000000000e+02,1.231254325003290129e+00
6.430000000000000000e+02,1.905768697717354687e+00
6.435000000000000000e+02,2.827768465180578339e+00
6.440000000000000000e+02,4.577284673583696950e+00
6.445000000000000000e+02,4.757894805059178722e+00
6.450000000000000000e+02,3.963930544524077337e+00
6.455000000000000000e+02,2.979388477756397702e+00
6.460000000000000000e+02,1.850871267903283046e+00
6.465000000000000000e+02,1.439581722751992476e+00
6.470000000000000000e+02,2.021190823357574384e+00
6.475000000000000000e+02,4.202311714975904167e+00
6.480000000000000000e+02,4.804273476070870075e+00
6.485000000000000000e+02,3.505088392579581491e+00
6.490000000000000000e+02,2.940512528279379811e+00
6.495000000000000000e+02,2.489360180157015545e+00
6.500000000000000000e+02,2.174179204599516524e+00
6.505000000000000000e+02,1.947518446481366849e+00
6.510000000000000000e+02,1.765075184063392699e+00
6.515000000000000000e+02,1.581544809272239283e+00
6.520000000000000000e+02,1.383863672668845357e+00
6.525000000000000000e+02,1.198529919088489715e+00
6.530000000000000000e+02,1.025068166927294078e+00
6.535000000000000000e+02,8.629582575180216875e-01
6.540000000000000000e+02,7.142332071043068220e-01
6.545000000000000000e+02,5.734238645495663977e-01
6.550000000000000000e+02,4.465788613053833234e-01
6.555000000000000000e+02,3.299491740619229785e-01
6.560000000000000000e+02,2.477000045320573440e-01
6.565000000000000000e+02,1.909185389514740094e-01
6.570000000000000000e+02,1.495018104910331158e-01
6.575000000000000000e+02,1.171471580278555524e-01
6.580000000000000000e+02,8.345727909044931003e-02
6.585000000000000000e+02,4.637683602060919952e-02
6.590000000000000000e+02,nan
6.595000000000000000e+02,nan
6.600000000000000000e+02,nan
6.605000000000000000e+02,nan
6.610000000000000000e+02,nan
6.615000000000000000e+02,nan
6.620000000000000000e+02,nan
6.625000000000000000e+02,nan
6.630000000000000000e+02,nan
6.635000000000000000e+02,nan
6.640000000000000000e+02,nan
6.645000000000000000e+02,nan
6.650000000000000000e+02,nan
6.655000000000000000e+02,nan
6.660000000000000000e+02,nan
6.665000000000000000e+02,nan
6.670000000000000000e+02,nan
6.675000000000000000e+02,nan
6.680000000000000000e+02,nan
6.685000000000000000e+02,nan
6.690000000000000000e+02,nan
6.695000000000000000e+02,nan
6.700000000000000000e+02,nan
6.705000000000000000e+02,nan
6.710000000000000000e+02,nan
6.715000000000000000e+02,nan
6.720000000000000000e+02,nan
6.725000000000000000e+02,nan
6.730000000000000000e+02,nan
6.735000000000000000e+02,nan
6.740000000000000000e+02,nan
6.745000000000000000e+02,nan
6.750000000000000000e+02,nan
6.755000000000000000e+02,nan
6.760000000000000000e+02,nan
6.765000000000000000e+02,nan
6.770000000000000000e+02,nan
6.775000000000000000e+02,nan
6.780000000000000000e+02,nan
6.785000000000000000e+02,nan
6.790000000000000000e+02,nan
6.795000000000000000e+02,nan
6.800000000000000000e+02,nan
6.805000000000000000e+02,nan
6.810000000000000000e+02,nan
6.815000000000000000e+02,nan
6.820000000000000000e+02,nan
6.825000000000000000e+02,nan
6.830000000000000000e+02,nan
6.835000000000000000e+02,nan
6.840000000000000000e+02,nan
6.845000000000000000e+02,nan
6.850000000000000000e+02,nan
6.855000000000000000e+02,nan
6.860000000000000000e+02,nan
6.865000000000000000e+02,nan
6.870000000000000000e+02,nan
6.875000000000000000e+02,nan
6.880000000000000000e+02,nan
6.885000000000000000e+02,nan
6.890000000000000000e+02,nan
6.895000000000000000e+02,nan
6.900000000000000000e+02,nan
6.905000000000000000e+02,nan
6.910000000000000000e+02,nan
6.915000000000000000e+02,nan
6.920000000000000000e+02,nan
6.925000000000000000e+02,nan
6.930000000000000000e+02,nan
6.935000000000000000e+02,nan
6.940000000000000000e+02,nan
6.945000000000000000e+02,nan
6.950000000000000000e+02,nan
6.955000000000000000e+02,nan
6.960000000000000000e+02,nan
6.965000000000000000e+02,nan
6.970000000000000000e+02,nan
6.975000000000000000e+02,nan
6.980000000000000000e+02,nan
6.985000000000000000e+02,nan
6.990000000000000000e+02,nan
6.995000000000000000e+02,nan
7.000000000000000000e+02,nan
7.005000000000000000e+02,nan
7.010000000000000000e+02,nan
7.015000000000000000e+02,nan
7.020000000000000000e+02,nan
7.025000000000000000e+02,nan
7.030000000000000000e+02,nan
7.035000000000000000e+02,nan
7.040000000000000000e+02,nan
7.045000000000000000e+02,nan
7.050000000000000000e+02,nan
7.055000000000000000e+02,nan
7.060000000000000000e+02,nan
7.065000000000000000e+02,nan
7.070000000000000000e+02,nan
7.075000000000000000e+02,nan
7.080000000000000000e+02,nan
7.085000000000000000e+02,nan
7.090000000000000000e+02,nan
7.095000000000000000e+02,nan
7.100000000000000000e+02,nan
7.105000000000000000e+02,nan
7.110000000000000000e+02,nan
7.115000000000000000e+02,nan
7.120000000000000000e+02,nan
7.125000000000000000e+02,nan
7.130000000000000000e+02,nan
7.135000000000000000e+02,nan
7.140000000000000000e+02,nan
7.145000000000000000e+02,nan
7.150000000000000000e+02,nan
7.155000000000000000e+02,nan
7.160000000000000000e+02,nan
7.165000000000000000e+02,nan
7.170000000000000000e+02,nan
7.175000000000000000e+02,nan
7.180000000000000000e+02,nan
7.185000000000000000e+02,nan
7.190000000000000000e+02,nan
7.195000000000000000e+02,nan
7.200000000000000000e+02,nan
7.205000000000000000e+02,nan
7.210000000000000000e+02,nan
7.215000000000000000e+02,nan
7.220000000000000000e+02,nan
7.225000000000000000e+02,nan
7.230000000000000000e+02,nan
7.235000000000000000e+02,nan
7.240000000000000000e+02,nan
7.245000000000000000e+02,nan
7.250000000000000000e+02,nan
7.255000000000000000e+02,nan
7.260000000000000000e+02,nan
7.265000000000000000e+02,nan
7.270000000000000000e+02,nan
7.275000000000000000e+02,nan
7.280000000000000000e+02,nan
7.285000000000000000e+02,nan
7.290000000000000000e+02,nan
7.295000000000000000e+02,nan
7.300000000000000000e+02,nan
7.305000000000000000e+02,nan
7.310000000000000000e+02,nan
7.315000000000000000e+02,nan
7.320000000000000000e+02,nan
7.325000000000000000e+02,nan
7.330000000000000000e+02,nan
7.335000000000000000e+02,nan
7.340000000000000000e+02,nan
7.345000000000000000e+02,nan
7.350000000000000000e+02,nan
7.355000000000000000e+02,nan
7.360000000000000000e+02,nan
7.365000000000000000e+02,nan
7.370000000000000000e+02,nan
7.375000000000000000e+02,nan
7.380000000000000000e+02,nan
7.385000000000000000e+02,nan
7.390000000000000000e+02,nan
7.395000000000000000e+02,nan
7.400000000000000000e+02,nan
7.405000000000000000e+02,nan
7.410000000000000000e+02,nan
7.415000000000000000e+02,nan
7.420000000000000000e+02,nan
7.425000000000000000e+02,nan
7.430000000000000000e+02,nan
7.435000000000000000e+02,nan
7.440000000000000000e+02,nan
7.445000000000000000e+02,nan
7.450000000000000000e+02,nan
7.455000000000000000e+02,nan
7.460000000000000000e+02,nan
7.465000000000000000e+02,nan
7.470000000000000000e+02,nan
7.475000000000000000e+02,nan
7.480000000000000000e+02,nan
7.485000000000000000e+02,nan
7.490000000000000000e+02,nan
7.495000000000000000e+02,nan
7.500000000000000000e+02,nan
7.505000000000000000e+02,nan
7.510000000000000000e+02,nan
7.515000000000000000e+02,nan
7.520000000000000000e+02,nan
7.525000000000000000e+02,nan
7.530000000000000000e+02,nan
7.535000000000000000e+02,nan
7.540000000000000000e+02,nan
7.545000000000000000e+02,nan
7.550000000000000000e+02,nan
7.555000000000000000e+02,nan
7.560000000000000000e+02,nan
7.565000000000000000e+02,nan
7.570000000000000000e+02,nan
7.575000000000000000e+02,nan
7.580000000000000000e+02,nan
7.585000000000000000e+02,nan
7.590000000000000000e+02,nan
7.595000000000000000e+02,nan
7.600000000000000000e+02,nan
7.605000000000000000e+02,nan
7.610000000000000000e+02,nan
7.615000000000000000e+02,nan
7.620000000000000000e+02,nan
7.625000000000000000e+02,nan
7.630000000000000000e+02,nan
7.635000000000000000e+02,nan
7.640000000000000000e+02,nan
7.645000000000000000e+02,nan
7.650000000000000000e+02,nan
7.655000000000000000e+02,nan
7.660000000000000000e+02,nan
7.665000000000000000e+02,nan
7.670000000000000000e+02,nan
7.675000000000000000e+02,nan
7.680000000000000000e+02,nan
7.685000000000000000e+02,nan
7.690000000000000000e+02,nan
7.695000000000000000e+02,nan
7.700000000000000000e+02,nan
7.705000000000000000e+02,nan
7.710000000000000000e+02,nan
7.715000000000000000e+02,nan
7.720000000000000000e+02,nan
7.725000000000000000e+02,nan
7.730000000000000000e+02,nan
7.735000000000000000e+02,nan
7.740000000000000000e+02,nan
7.745000000000000000e+02,nan
7.750000000000000000e+02,nan
7.755000000000000000e+02,nan
7.760000000000000000e+02,nan
7.765000000000000000e+02,nan
7.770000000000000000e+02,nan
7.775000000000000000e+02,nan
7.780000000000000000e+02,nan
7.785000000000000000e+02,nan
7.790000000000000000e+02,nan
7.795000000000000000e+02,nan
7.800000000000000000e+02,nan
7.805000000000000000e+02,nan
7.810000000000000000e+02,nan
7.815000000000000000e+02,nan
7.820000000000000000e+02,nan
7.825000000000000000e+02,nan
7.830000000000000000e+02,nan
7.835000000000000000e+02,nan
7.840000000000000000e+02,nan
7.845000000000000000e+02,nan
7.850000000000000000e+02,nan
7.855000000000000000e+02,nan
7.860000000000000000e+02,nan
7.865000000000000000e+02,nan
7.870000000000000000e+02,nan
7.875000000000000000e+02,nan
7.880000000000000000e+02,nan
7.885000000000000000e+02,nan
7.890000000000000000e+02,nan
7.895000000000000000e+02,nan
7.900000000000000000e+02,nan
7.905000000000000000e+02,nan
7.910000000000000000e+02,nan
7.915000000000000000e+02,nan
7.920000000000000000e+02,nan
7.925000000000000000e+02,nan
7.930000000000000000e+02,nan
7.935000000000000000e+02,nan
7.940000000000000000e+02,nan
7.945000000000000000e+02,nan
7.950000000000000000e+02,nan
7.955000000000000000e+02,nan
7.960000000000000000e+02,nan
7.965000000000000000e+02,nan
7.970000000000000000e+02,nan
7.975000000000000000e+02,nan
7.980000000000000000e+02,nan
7.985000000000000000e+02,nan
7.990000000000000000e+02,nan
7.995000000000000000e+02,nan
8.000000000000000000e+02,nan
8.005000000000000000e+02,nan
8.010000000000000000e+02,nan
8.015000000000000000e+02,nan
8.020000000000000000e+02,nan
8.025000000000000000e+02,nan
8.030000000000000000e+02,nan
8.035000000000000000e+02,nan
8.040000000000000000e+02,nan
8.045000000000000000e+02,nan
8.050000000000000000e+02,nan
8.055000000000000000e+02,nan
8.060000000000000000e+02,nan
8.065000000000000000e+02,nan
8.070000000000000000e+02,nan
8.075000000000000000e+02,nan
8.080000000000000000e+02,nan
8.085000000000000000e+02,nan
8.090000000000000000e+02,nan
8.095000000000000000e+02,nan
8.100000000000000000e+02,nan
8.105000000000000000e+02,nan
8.110000000000000000e+02,nan
8.115000000000000000e+02,nan
8.120000000000000000e+02,nan
8.125000000000000000e+02,nan
8.130000000000000000e+02,nan
8.135000000000000000e+02,nan
8.140000000000000000e+02,nan
8.145000000000000000e+02,nan
8.150000000000000000e+02,nan
8.155000000000000000e+02,nan
8.160000000000000000e+02,nan
8.165000000000000000e+02,nan
8.170000000000000000e+02,nan
8.175000000000000000e+02,nan
8.180000000000000000e+02,nan
8.185000000000000000e+02,nan
8.190000000000000000e+02,nan
8.195000000000000000e+02,nan
8.200000000000000000e+02,nan
8.205000000000000000e+02,nan
8.210000000000000000e+02,nan
8.215000000000000000e+02,nan
8.220000000000000000e+02,nan
8.225000000000000000e+02,nan
8.230000000000000000e+02,nan
8.235000000000000000e+02,nan
8.240000000000000000e+02,nan
8.245000000000000000e+02,nan
8.250000000000000000e+02,nan
8.255000000000000000e+02,nan
8.260000000000000000e+02,nan
8.265000000000000000e+02,nan
8.270000000000000000e+02,nan
8.275000000000000000e+02,nan
8.280000000000000000e+02,nan
8.285000000000000000e+02,nan
8.290000000000000000e+02,nan
8.295000000000000000e+02,nan
8.300000000000000000e+02,nan
8.305000000000000000e+02,nan
8.310000000000000000e+02,nan
8.315000000000000000e+02,nan
8.320000000000000000e+02,nan
8.325000000000000000e+02,nan
8.330000000000000000e+02,nan
8.335000000000000000e+02,nan
8.340000000000000000e+02,nan
8.345000000000000000e+02,nan
8.350000000000000000e+02,nan
8.355000000000000000e+02,nan
8.360000000000000000e+02,nan
8.365000000000000000e+02,nan
8.370000000000000000e+02,nan
8.375000000000000000e+02,nan
8.380000000000000000e+02,nan
8.385000000000000000e+02,nan
8.390000000000000000e+02,nan
8.395000000000000000e+02,nan
8.400000000000000000e+02,nan
8.405000000000000000e+02,nan
8.410000000000000000e+02,nan
8.415000000000000000e+02,nan
8.420000000000000000e+02,nan
8.425000000000000000e+02,nan
8.430000000000000000e+02,nan
8.435000000000000000e+02,nan
8.440000000000000000e+02,nan
8.445000000000000000e+02,nan
8.450000000000000000e+02,nan
8.455000000000000000e+02,nan
8.460000000000000000e+02,nan
8.465000000000000000e+02,nan
8.470000000000000000e+02,nan
8.475000000000000000e+02,nan
8.480000000000000000e+02,nan
8.485000000000000000e+02,nan
8.490000000000000000e+02,nan
8.495000000000000000e+02,nan
8.500000000000000000e+02,nan
8.505000000000000000e+02,nan
8.510000000000000000e+02,nan
8.515000000000000000e+02,nan
8.520000000000000000e+02,nan
8.525000000000000000e+02,nan
8.530000000000000000e+02,nan
8.535000000000000000e+02,nan
8.540000000000000000e+02,nan
8.545000000000000000e+02,nan
8.550000000000000000e+02,nan
8.555000000000000000e+02,nan
8.560000000000000000e+02,nan
8.565000000000000000e+02,nan
8.570000000000000000e+02,nan
8.575000000000000000e+02,nan
8.580000000000000000e+02,nan
8.585000000000000000e+02,nan
8.590000000000000000e+02,nan
8.595000000000000000e+02,nan
8.600000000000000000e+02,nan
8.605000000000000000e+02,nan
8.610000000000000000e+02,nan
8.615000000000000000e+02,nan
8.620000000000000000e+02,nan
8.625000000000000000e+02,nan
8.630000000000000000e+02,nan
8.635000000000000000e+02,nan
8.640000000000000000e+02,nan
8.645000000000000000e+02,nan
8.650000000000000000e+02,nan
8.655000000000000000e+02,nan
8.660000000000000000e+02,nan
8.665000000000000000e+02,nan
8.670000000000000000e+02,nan
8.675000000000000000e+02,nan
8.680000000000000000e+02,nan
8.685000000000000000e+02,nan
8.690000000000000000e+02,nan
8.695000000000000000e+02,nan
8.700000000000000000e+02,nan
8.705000000000000000e+02,nan
8.710000000000000000e+02,nan
8.715000000000000000e+02,nan
8.720000000000000000e+02,nan
8.725000000000000000e+02,nan
8.730000000000000000e+02,nan
8.735000000000000000e+02,nan
8.740000000000000000e+02,nan
8.745000000000000000e+02,nan
8.750000000000000000e+02,nan
8.755000000000000000e+02,nan
8.760000000000000000e+02,nan
8.765000000000000000e+02,nan
8.770000000000000000e+02,nan
8.775000000000000000e+02,nan
8.780000000000000000e+02,nan
8.785000000000000000e+02,nan
8.790000000000000000e+02,nan
8.795000000000000000e+02,nan
8.800000000000000000e+02,nan
8.805000000000000000e+02,nan
8.810000000000000000e+02,nan
8.815000000000000000e+02,nan
8.820000000000000000e+02,nan
8.825000000000000000e+02,nan
8.830000000000000000e+02,nan
8.835000000000000000e+02,nan
8.840000000000000000e+02,nan
8.845000000000000000e+02,nan
8.850000000000000000e+02,nan
8.855000000000000000e+02,nan
8.860000000000000000e+02,nan
8.865000000000000000e+02,nan
8.870000000000000000e+02,nan
8.875000000000000000e+02,nan
8.880000000000000000e+02,nan
8.885000000000000000e+02,nan
8.890000000000000000e+02,nan
8.895000000000000000e+02,nan
8.900000000000000000e+02,nan
8.905000000000000000e+02,nan
8.910000000000000000e+02,nan
8.915000000000000000e+02,nan
8.920000000000000000e+02,nan
8.925000000000000000e+02,nan
8.930000000000000000e+02,nan
8.935000000000000000e+02,nan
8.940000000000000000e+02,nan
8.945000000000000000e+02,nan
8.950000000000000000e+02,nan
8.955000000000000000e+02,nan
8.960000000000000000e+02,nan
8.965000000000000000e+02,nan
8.970000000000000000e+02,nan
8.975000000000000000e+02,nan
8.980000000000000000e+02,nan
8.985000000000000000e+02,nan
8.990000000000000000e+02,nan
8.995000000000000000e+02,nan
9.000000000000000000e+02,nan
9.005000000000000000e+02,nan
9.010000000000000000e+02,nan
9.015000000000000000e+02,nan
9.020000000000000000e+02,nan
9.025000000000000000e+02,nan
9.030000000000000000e+02,nan
9.035000000000000000e+02,nan
9.040000000000000000e+02,nan
9.045000000000000000e+02,nan
9.050000000000000000e+02,nan
9.055000000000000000e+02,nan
9.060000000000000000e+02,nan
9.065000000000000000e+02,nan
9.070000000000000000e+02,nan
9.075000000000000000e+02,nan
9.080000000000000000e+02,nan
9.085000000000000000e+02,nan
9.090000000000000000e+02,nan
9.095000000000000000e+02,nan
9.100000000000000000e+02,nan
9.105000000000000000e+02,nan
9.110000000000000000e+02,nan
9.115000000000000000e+02,nan
9.120000000000000000e+02,nan
9.125000000000000000e+02,nan
9.130000000000000000e+02,nan
9.135000000000000000e+02,nan
9.140000000000000000e+02,nan
9.145000000000000000e+02,nan
9.150000000000000000e+02,nan
9.155000000000000000e+02,nan
9.160000000000000000e+02,nan
9.165000000000000000e+02,nan
9.170000000000000000e+02,nan
9.175000000000000000e+02,nan
9.180000000000000000e+02,nan
9.185000000000000000e+02,nan
9.190000000000000000e+02,nan
9.195000000000000000e+02,nan
9.200000000000000000e+02,nan
9.205000000000000000e+02,nan
9.210000000000000000e+02,nan
9.215000000000000000e+02,nan
9.220000000000000000e+02,nan
9.225000000000000000e+02,nan
9.230000000000000000e+02,nan
9.235000000000000000e+02,nan
9.240000000000000000e+02,nan
9.245000000000000000e+02,nan
9.250000000000000000e+02,nan
9.255000000000000000e+02,nan
9.260000000000000000e+02,nan
9.265000000000000000e+02,nan
9.270000000000000000e+02,nan
9.275000000000000000e+02,nan
9.280000000000000000e+02,nan
9.285000000000000000e+02,nan
9.290000000000000000e+02,nan
9.295000000000000000e+02,nan
9.300000000000000000e+02,nan
9.305000000000000000e+02,nan
9.310000000000000000e+02,nan
9.315000000000000000e+02,nan
9.320000000000000000e+02,nan
9.325000000000000000e+02,nan
9.330000000000000000e+02,nan
9.335000000000000000e+02,nan
9.340000000000000000e+02,nan
9.345000000000000000e+02,nan
9.350000000000000000e+02,nan
9.355000000000000000e+02,nan
9.360000000000000000e+02,nan
9.365000000000000000e+02,nan
9.370000000000000000e+02,nan
9.375000000000000000e+02,nan
9.380000000000000000e+02,nan
9.385000000000000000e+02,nan
9.390000000000000000e+02,nan
9.395000000000000000e+02,nan
9.400000000000000000e+02,nan
9.405000000000000000e+02,nan
9.410000000000000000e+02,nan
9.415000000000000000e+02,nan
9.420000000000000000e+02,nan
9.425000000000000000e+02,nan
9.430000000000000000e+02,nan
9.435000000000000000e+02,nan
9.440000000000000000e+02,nan
9.445000000000000000e+02,nan
9.450000000000000000e+02,nan
9.455000000000000000e+02,nan
9.460000000000000000e+02,nan
9.465000000000000000e+02,nan
9.470000000000000000e+02,nan
9.475000000000000000e+02,nan
9.480000000000000000e+02,nan
9.485000000000000000e+02,nan
9.490000000000000000e+02,nan
9.495000000000000000e+02,nan
9.500000000000000000e+02,nan
9.505000000000000000e+02,nan
9.510000000000000000e+02,nan
9.515000000000000000e+02,nan
9.520000000000000000e+02,nan
9.525000000000000000e+02,nan
9.530000000000000000e+02,nan
9.535000000000000000e+02,nan
9.540000000000000000e+02,nan
9.545000000000000000e+02,nan
9.550000000000000000e+02,nan
9.555000000000000000e+02,nan
9.560000000000000000e+02,nan
9.565000000000000000e+02,nan
9.570000000000000000e+02,nan
9.575000000000000000e+02,nan
9.580000000000000000e+02,nan
9.585000000000000000e+02,nan
9.590000000000000000e+02,nan
9.595000000000000000e+02,nan
9.600000000000000000e+02,nan
9.605000000000000000e+02,nan
9.610000000000000000e+02,nan
9.615000000000000000e+02,nan
9.620000000000000000e+02,nan
9.625000000000000000e+02,nan
9.630000000000000000e+02,nan
9.635000000000000000e+02,nan
9.640000000000000000e+02,nan
9.645000000000000000e+02,nan
9.650000000000000000e+02,nan
9.655000000000000000e+02,nan
9.660000000000000000e+02,nan
9.665000000000000000e+02,nan
9.670000000000000000e+02,nan
9.675000000000000000e+02,nan
9.680000000000000000e+02,nan
9.685000000000000000e+02,nan
9.690000000000000000e+02,nan
9.695000000000000000e+02,nan
9.700000000000000000e+02,nan
9.705000000000000000e+02,nan
9.710000000000000000e+02,nan
9.715000000000000000e+02,nan
9.720000000000000000e+02,nan
9.725000000000000000e+02,nan
9.730000000000000000e+02,nan
9.735000000000000000e+02,nan
9.740000000000000000e+02,nan
9.745000000000000000e+02,nan
9.750000000000000000e+02,nan
9.755000000000000000e+02,nan
9.760000000000000000e+02,nan
9.765000000000000000e+02,nan
9.770000000000000000e+02,nan
9.775000000000000000e+02,nan
9.780000000000000000e+02,nan
9.785000000000000000e+02,nan
9.790000000000000000e+02,nan
9.795000000000000000e+02,nan
9.800000000000000000e+02,nan
9.805000000000000000e+02,nan
9.810000000000000000e+02,nan
9.815000000000000000e+02,nan
9.820000000000000000e+02,nan
9.825000000000000000e+02,nan
9.830000000000000000e+02,nan
9.835000000000000000e+02,nan
9.840000000000000000e+02,nan
9.845000000000000000e+02,nan
9.850000000000000000e+02,nan
9.855000000000000000e+02,nan
9.860000000000000000e+02,nan
9.865000000000000000e+02,nan
9.870000000000000000e+02,nan
9.875000000000000000e+02,nan
9.880000000000000000e+02,nan
9.885000000000000000e+02,nan
9.890000000000000000e+02,nan
9.895000000000000000e+02,nan
9.900000000000000000e+02,nan
9.905000000000000000e+02,nan
9.910000000000000000e+02,nan
9.915000000000000000e+02,nan
9.920000000000000000e+02,nan
9.925000000000000000e+02,nan
9.930000000000000000e+02,nan
9.935000000000000000e+02,nan
9.940000000000000000e+02,nan
9.945000000000000000e+02,nan
9.950000000000000000e+02,nan
9.955000000000000000e+02,nan
9.960000000000000000e+02,nan
9.965000000000000000e+02,nan
9.970000000000000000e+02,nan
9.975000000000000000e+02,nan
9.980000000000000000e+02,nan
9.985000000000000000e+02,nan
9.990000000000000000e+02,nan
9.995000000000000000e+02,nan
1.000000000000000000e+03,nan
1.000500000000000000e+03,nan
1.001000000000000000e+03,nan
1.001500000000000000e+03,nan
1.002000000000000000e+03,nan
1.002500000000000000e+03,nan
1.003000000000000000e+03,nan
1.003500000000000000e+03,nan
1.004000000000000000e+03,nan
1.004500000000000000e+03,nan
1.005000000000000000e+03,nan
1.005500000000000000e+03,nan
1.006000000000000000e+03,nan
1.006500000000000000e+03,nan
1.007000000000000000e+03,nan
1.007500000000000000e+03,nan
1.008000000000000000e+03,nan
1.008500000000000000e+03,nan
1.009000000000000000e+03,nan
1.009500000000000000e+03,nan
1.010000000000000000e+03,nan
1.010500000000000000e+03,nan
1.011000000000000000e+03,nan
1.011500000000000000e+03,nan
1.012000000000000000e+03,nan
1.012500000000000000e+03,nan
1.013000000000000000e+03,nan
1.013500000000000000e+03,nan
1.014000000000000000e+03,nan
1.014500000000000000e+03,nan
1.015000000000000000e+03,nan
1.015500000000000000e+03,nan
1.016000000000000000e+03,nan
1.016500000000000000e+03,nan
1.017000000000000000e+03,nan
1.017500000000000000e+03,nan
1.018000000000000000e+03,nan
1.018500000000000000e+03,nan
1.019000000000000000e+03,nan
1.019500000000000000e+03,nan
1.020000000000000000e+03,nan
1.020500000000000000e+03,nan
1.021000000000000000e+03,nan
1.021500000000000000e+03,nan
1.022000000000000000e+03,nan
1.022500000000000000e+03,nan
1.023000000000000000e+03,nan
1.023500000000000000e+03,nan
1.024000000000000000e+03,nan
1.024500000000000000e+03,nan
1.025000000000000000e+03,nan
1.025500000000000000e+03,nan
1.026000000000000000e+03,nan
1.026500000000000000e+03,nan
1.027000000000000000e+03,nan
1.027500000000000000e+03,nan
1.028000000000000000e+03,nan
1.028500000000000000e+03,nan
1.029000000000000000e+03,nan
1.029500000000000000e+03,nan
1.030000000000000000e+03,nan
1.030500000000000000e+03,nan
1.031000000000000000e+03,nan
1.031500000000000000e+03,nan
1.032000000000000000e+03,nan
1.032500000000000000e+03,nan
1.033000000000000000e+03,nan
1.033500000000000000e+03,nan
1.034000000000000000e+03,nan
1.034500000000000000e+03,nan
1.035000000000000000e+03,nan
1.035500000000000000e+03,nan
1.036000000000000000e+03,nan
1.036500000000000000e+03,nan
1.037000000000000000e+03,nan
1.037500000000000000e+03,nan
1.038000000000000000e+03,nan
1.038500000000000000e+03,nan
1.039000000000000000e+03,nan
1.039500000000000000e+03,nan
1.040000000000000000e+03,nan
1.040500000000000000e+03,nan
1.041000000000000000e+03,nan
1.041500000000000000e+03,nan
1.042000000000000000e+03,nan
1.042500000000000000e+03,nan
1.043000000000000000e+03,nan
1.043500000000000000e+03,nan
1.044000000000000000e+03,nan
1.044500000000000000e+03,nan
1.045000000000000000e+03,nan
1.045500000000000000e+03,nan
1.046000000000000000e+03,nan
1.046500000000000000e+03,nan
1.047000000000000000e+03,nan
1.047500000000000000e+03,nan
1.048000000000000000e+03,nan
1.048500000000000000e+03,nan
1.049000000000000000e+03,nan
1.049500000000000000e+03,nan
1.050000000000000000e+03,nan
1.050500000000000000e+03,nan
1.051000000000000000e+03,nan
1.051500000000000000e+03,nan
1.052000000000000000e+03,nan
1.052500000000000000e+03,nan
1.053000000000000000e+03,nan
1.053500000000000000e+03,nan
1.054000000000000000e+03,nan
1.054500000000000000e+03,nan
1.055000000000000000e+03,nan
1.055500000000000000e+03,nan
1.056000000000000000e+03,nan
1.056500000000000000e+03,nan
1.057000000000000000e+03,nan
1.057500000000000000e+03,nan
1.058000000000000000e+03,nan
1.058500000000000000e+03,nan
1.059000000000000000e+03,nan
1.059500000000000000e+03,nan
1.060000000000000000e+03,nan
1.060500000000000000e+03,nan
1.061000000000000000e+03,nan
1.061500000000000000e+03,nan
1.062000000000000000e+03,nan
