ObsID,NH3 Time,CM1,CM2,CM3,Telescope,FL,Camera,Seeing,Transparency,CH4 Abs / PCloud,CH4 Qual,NH3 Abs / fc(NH3),NH3Qual,RGB Context
20220730UTa,2022-07-30_07:29:48,334.5,35.4,310.4,VLT,5600mm,MUSE,'7/10','7/10',2022-07-30-0729_8-Jupiter_R656G620B632-MUSE-RGB-Smth-WthBal,1,2022-07-30-0729_8-Jupiter_R656G647B632-MUSE-RGB-Smth-WthBal,1,2022-07-30-0729_8-Jupiter_R650G550B480-MUSE-RGB-Str
20220810UTa,2022-08-10_10:13:00,11.8,347.8,265.8,C11,5600mm,ASI120MM,'7/10','7/10',2022-08-10-1014_8-Jupiter_NoWV-R656G620B632-RGB-WhtBal,1,2022-08-10-1013_0-Jupiter_NoWV-R656G647B632-RGB-WhtBal,1,2022-08-10-1030_0-Jupiter_WV-R(AllRED)GB-RGB-WhtBal-Wavelets-Str
20220812UTa,2022-08-12_10:25:30,335.4,296.1,214.6,C11,5600mm,ASI120MM,'7/10','3/10',2022-08-12-1025_5-Jupiter_NoWV-R656G620B632-RGB-WhtBal-CorrectedLabel,1,2022-08-12-1025_5-Jupiter_NoWV-R656G647B632-RGB-WhtBalHP-CorrectedLabel,1,2022-08-12-1033_8-Jupiter_WV-R(AllRed)GB-RGB-WhtBal-Wavelets
20220818UTa,2022-08-18_07:33:24,98.5,14.3,294.4,C11,5600mm,ASI120MM,'7/10','7/10',2022-08-18-0734_3-Jupiter_NoWV-R656G620B632-RGB-WhtBal,1,2022-08-18-0733_4-Jupiter_NoWV-R656G647B632-RGB-WhtBal,1,2022-08-18-0745_4-Jupiter_AllRED-WV-RGB-WhtBal-Wavelets
20220828UTa,2022-08-28_06:08:12,186.7,26.7,309.4,C11,5600mm,ASI120MM,'6/10','7/10',2022-08-28-0608_2-Jupiter_NoWV-R656G620B632-RGB-WhtBal,1,2022-08-28-0608_2-Jupiter_NoWV-R656G647B632-RGB-WhtBal,1,2022-08-28-0601_3-Jupiter-RGB-JamesWillinghan-j220828a1
20220830UTa,2022-08-30_05:59:06,137.2,322.0,245.2,C11,5600mm,ASI120MM,'7/10','7/10',2022-08-30-0559_2-Jupiter_NoWV-R656G620B632-RGB-WhtBal,1,2022-08-30-0559_1-Jupiter_NoWV-R656G647B632-RGB-WhtBal,1,2022-08-28-1429_7-Jupiter-RGB-Arakawa-j220828e1
20220901UTa,2022-09-01_06:04:54,96.8,266.3,190.1,C11,5600mm,ASI120MM,'6/10','7/10',2022-09-01-0604_9-Jupiter_NoWV-R656G620B632-RGB-WhtBal,1,2022-09-01-0604_9-Jupiter_NoWV-R656G647B632-RGB-WhtBal,1,2022-09-01-0618_0-Jupiter-Rivera-j220901l1
20220904UTa,2022-09-04_06:38:12,231.2,17.6,302.2,C11,5600mm,ASI120MM,'7/10','7/10',2022-09-04-0638_9-Jupiter_NoWV-R656G620B632-RGB-WhtBal,1,2022-09-04-0638_2-Jupiter_NoWV-R656G647B632-RGB-WhtBal,1,2022-09-04-1644_7-Jupiter-Yamane-j220904j4
20220905UTa,2022-09-05_05:59:06,5.4,144.4,69.2,C11,5600mm,ASI120MM,'7/10','7/10',2022-09-05-0559_2-Jupiter_NoWV-R656G620B632-RGB-WhtBal,1,2022-09-05-0559_1-Jupiter_NoWV-R656G647B632-RGB-WhtBal,1,2022-09-05-1559_0-Jupiter_j220905l1_Michael_Wong
20220912UTa,2022-09-12_05:33:24,16.0,101.7,28.4,C11,5600mm,ASI120MM,'8/10','7/10',2022-09-12-0533_4-Jupiter_WV-R656G620B632-RGB-WhtBal,1,2022-09-12-0533_4-Jupiter_WV-R656G647B632-RGB-WhtBal,1,2022-09-12-0532_3-Jupiter_WV-R685G550B450-RGB-WhtBal-ClrSmth-Wavelets
20220913UTa,2022-09-13_04:57:24,152.1,230.3,157.3,C11,5600mm,ASI120MM,'6/10','7/10',2022-09-13-0457_4-Jupiter_NoWV-R656G620B632-RGB-WhtBal,1,2022-09-13-0457_4-Jupiter_NoWV-R656G647B632-RGB-WhtBal,1,2022-09-13-0455_6-Jupiter_WV-R685G550B450-RGB-WhtBal-ClrSmth-Wavelets
20220919UTa,2022-09-19_03:52:18,340.6,13.5,302.0,VLT,5600mm,MUSE,'6/10','7/10',2022-09-19-0352_3-Jupiter-VLT-R656G620B632-RGB-WhtBal-MedFilt,1,2022-09-19-0352_3-Jupiter-VLT-R656G647B632-RGB-WhtBal-MedFilt,1,2022-09-19-0352_3-Jupiter-MUSE-R650G550B450-RGB-WhtBal-Filtered
20220919UTb,2022-09-19_04:53:24,17.9,50.4,339.0,C11,5600mm,ASI120MM,'6/10','7/10',2022-09-19-0452_7-Jupiter_NoWV-R656G620B632-RGB-WhtBal,1,2022-09-19-0453_4-Jupiter_NoWV-R656G647B632-RGB-WhtBal,1,2022-09-19-0518_7-Jupiter_WV-R685G550B450-RGB-WhtBal-Wavelets
20220925UTa,2022-09-25_06:15:36,296.2,282.5,212.7,C11,5600mm,ASI120MM,'5/10','7/10',2022-09-25-0615_4-Jupiter_NoWV-R656G620B632-RGB-WhtBal,1,2022-09-25-0615_6-Jupiter_NoWV-R656G647B632-RGB-WhtBal,1,2022-09-25-0546_6-Jupiter_WV-R685G550B450-RGB-WhtBal-Wavelets
20221009UTa,2022-10-09_04:01:30,266.7,146.9,80.8,C11,5600mm,ASI120MM,'7/10','7/10',2022-10-09-0401_5-Jupiter_NoWV-R656G620B632-RGB-WhtBal,1,2022-10-09-0401_5-Jupiter_NoWV-R656G647B632-RGB-WhtBal,1,2022-10-09-0339_0-Jupiter_WV-R685G550B450-RGB-WhtBal-Wavelets
20221009UTb,2022-10-09_05:24:30,317.3,197.1,131.0,C11,5600mm,ASI120MM,'7/10','7/10',2022-10-09-0524_5-Jupiter_NoWV-R656G620B632-RGB-WhtBal,1,2022-10-09-0524_5-Jupiter_NoWV-R656G647B632-RGB-WhtBal,1,2022-10-09-0542_8-Jupiter_NoWV-R685G550B450-RGB-WhtBal-Str0to160-Wavelets
20221013UTa,2022-10-13_03:45:30,168.9,18.7,313.6,C11,5600mm,ASI120MM,'5/10','8/10',2022-10-13-0345_5-Jupiter-NoWV-R656G620B632-RGB-WhtBal,1,2022-10-13-0345_5-Jupiter-NoWV-R656G647B632-RGB-WhtBal,1,2022-10-13-0402_0-Jupiter-WV-R685G550B450-RGB-WhtBal-Wavelets
20221019UTa,2022-10-19_03:42:24,34.9,198.9,135.4,C11,5600mm,ASI120MM,'6/10','7/10',2022-10-19-0342_4-Jupiter-NoWV-R656G620B632-RGB-WhtBal,1,2022-10-19-0342_4-Jupiter-NoWV-R656G647B632-RGB-WhtBal,1,2022-10-19-0358_2-Jupiter-WV-R685G550B450-RGB-WhtBal-Wavelets
20221020UTa,2022-10-20_04:40:24,228.2,24.3,321.1,C11,5600mm,ASI120MM,'6/10','7/10',2022-10-20-0440_4-Jupiter-NoWV-R656G620B632-RGB-WhtBal,1,2022-10-20-0440_4-Jupiter-NoWV-R656G647B632-RGB-WhtBal,1,2022-10-20-0422_6-Jupiter-WV-R685G550B450-RGB-WhtBal-Wavelets
20221021UTa,2022-10-21_03:58:36,0.7,149.4,86.4,C11,5600mm,ASI120MM,'6/10','7/10',2022-10-21-0358_6-Jupiter-NoWV-R656G620B632-RGB-WhtBal,1,2022-10-21-0358_6-Jupiter-NoWV-R656G647B632-RGB-WhtBal,1,2022-10-21-0342_1-Jupiter-WV-R685G550B450-RGB-WhtBal-Wavelets
20230113UTa,2023-01-13_00:46:12,178.6,47.5,6.8,C11,5600mm,ASI120MM,'6/10','7/10',2023-01-13-0046_2-Jupiter-NoWV-R656G620B632-RGB-WhtBal,1,2023-01-13-0046_2-Jupiter-NoWV-R656G647B632-RGB-WhtBal,1,2023-01-13-0046_0-Jupiter-WV-R685G550B450-RGB-WhtBal-Wavelets
20230812UTa,2023-08-12_09:48:12,307.3,3.3,18.9,VLT,5600mm,MUSE,'N/A','N/A',2023-08-12-0948_2-Jupiter_R656G620B632-RGB-WhtBal-Smth,1,2023-08-12-0948_2-Jupiter_R656G647B632-RGB-WhtBal-Smth,1,2023-08-12-0948_2-Jupiter_R650G550B450-RGB-WhtBal-WV
20230815UTa,2023-08-15_07:34:00,339.2,13.0,29.4,VLT,5600mm,MUSE,'N/A','N/A',2023-08-15-0734_0-Jupiter_R656G620B632-RGB-Smth-WhtBal,1,2023-08-15-0734_0-Jupiter_R656G647B632-RGB-Smth-WhtBal,1,2023-08-15-0734_0-Jupiter_R650G550B450-RGB-Smth-WhtBal-WV
20230815UTb,2023-08-15_11:12:48,112.6,145.2,161.7,C11,5600mm,ASI120MM,'9/10','9/10',2023-08-15-1112_8-Jupiter_R656G620B632-NoWV-RGB-Smth-WhtBal,1,2023-08-15-1112_8-Jupiter_R656G647B632-NoWV-RGB-Smth-WhtBal,1,2023-08-15-1129_3-Jupiter_R685G550B450-WV-RGB-WhtBal-ClrSmth-WV
20230816UTa,2023-08-16_07:43:30,142.9,169.0,185.7,VLT,5600mm,MUSE,'N/A','N/A',2023-08-16-0743_5-Jupiter_R656G620B632-RGB-Smth-WhtBal,1,2023-08-16-0743_5-Jupiter_R656G647B632-RGB-Smth-WhtBal,1,2023-08-16-0743_5-Jupiter_R650G550B450-RGB-Smth-WhtBal-WV
20230816UTb,2023-08-16_11:30:06,281.1,306.0,322.7,C11,5600mm,ASI120MM,'7/10','7/10',2023-08-16-1130_1-Jupiter_R656G620B632-NoWV-RGB-Smth-WhtBal,1,2023-08-16-1130_1-Jupiter_R656G647B632-NoWV-RGB-Smth-WhtBal,1,2023-08-16-1145_3-Jupiter_R685G550B450-WV-RGB-WhtBal-ClrSmth-WV
20230817UTa,2023-08-17_11:21:24,73.7,91.0,108.0,C11,5600mm,ASI120MM,'8/10','7/10',2023-08-17-1121_4-Jupiter_R656G620B632-RGB-Smth-WhtBal,1,2023-08-17-1121_4-Jupiter_R656G647B632-RGB-Smth-WhtBal,1,2023-08-17-1136_7-Jupiter_R685B550B450-WV-RGB-ClrSmth-WhtBal-WV
20230818UTa,2023-08-18_11:37:06,241.2,250.8,268.0,C11,5600mm,ASI120MM,'7/10','4/10',2023-08-18-1137_1-Jupiter_R656G620B632-NoWV-RGB-ClrSmth-WhtBal,1,2023-08-18-1137_1-Jupiter_R656G647B632-NoWV-RGB-ClrSmth-WhtBal,1,2023-08-18-1151_5-Jupiter_R685B550B450-WV-RGB-ClrSmth-WhtBal-WV
20230827UTa,2023-08-27_11:30:36,218.6,159.5,179.1,C11,5600mm,ASI120MM,'10/10','7/10',2023-08-27-1130_6-Jupiter_R656G620B632-RGB-Smth-WhtBal,1,2023-08-27-1130_6-Jupiter_R656G647B632-RGB-Smth-WhtBal,1,2023-08-27-1144_1-Jupiter_R656B647B632-WV-RGB-WhtBal-ClrSmth-WV-Str0to192
20230827UTb,2023-08-27_11:53:48,232.7,173.6,193.2,C11,5600mm,ASI120MM,'10/10','7/10',2023-08-27-1152_6-Jupiter_R656G620B632-RGB-Smth-WhtBal,1,2023-08-27-1153_8-Jupiter_R656G647B632-RGB-Smth-WhtBal,1,2023-08-27-1144_1-Jupiter_R656B647B632-WV-RGB-WhtBal-ClrSmth-WV-Str0to192
20230830UTa,2023-08-30_11:44:06,340.6,258.6,279.0,C11,5600mm,ASI120MM,'7/10','8/10',2023-08-30-1144_1-Jupiter_R656G620B632-RGB-Smth-WhtBal,1,2023-08-30-1144_1-Jupiter_R656G647B632-RGB-Smth-WhtBal,1,2023-08-30-1158_5-Jupiter_R685G550B450-RGB-WhtBal-ClrSmth-WV
20230831UTa,2023-08-31_11:30:42,130.4,40.9,61.5,C11,5600mm,ASI120MM,'6/10','8/10',2023-08-31-1130_8-Jupiter_R656G620B632-NoWV-RGB-Smth-WhtBal,1,2023-08-31-1130_7-Jupiter_R656G647B632-NoWV-RGB-Smth-WhtBal,1,2023-08-31-1146_4-Jupiter_R685G550B450-RGB-ClrSmth-WhtBal-WV
20230831UTb,2023-08-31_11:53:42,144.4,54.8,75.4,C11,5600mm,ASI120MM,'6/10','8/10',2023-08-31-1153_5-Jupiter_R656G620B632-NoWV-RGB-Smth-WhtBal,1,2023-08-31-1153_7-Jupiter_R656G647B632-NoWV-RGB-Smth-WhtBal,1,2023-08-31-1146_4-Jupiter_R685G550B450-RGB-ClrSmth-WhtBal-WV
20230905UTa,2023-09-05_11:38:18,204.8,77.1,99.1,C11,5600mm,ASI120MM,'6/10','8/10',2023-09-05-1138_3-Jupiter_R656G620B632-NoWV-RGB-Smth-WhtBal,1,2023-09-05-1138_3-Jupiter_R656G647B632-NoWV-RGB-Smth-WhtBal,1,2023-09-05-1152_6-Jupiter_R685G550B450-RGB-ClrSmth-WhtBal-WV
20230905UTb,2023-09-05_12:05:12,221.2,93.3,115.4,C11,5600mm,ASI120MM,'6/10','8/10',2023-09-05-1205_2-Jupiter_R656G620B632-NoWV-RGB-Smth-WhtBal,1,2023-09-05-1205_2-Jupiter_R656G647B632-NoWV-RGB-Smth-WhtBal,1,2023-09-05-1152_6-Jupiter_R685G550B450-RGB-ClrSmth-WhtBal-WV
20230906UTa,2023-09-06_11:33:54,0.1,224.8,247.0,C11,5600mm,ASI120MM,'6/10','8/10',2023-09-06-1134_0-Jupiter_R656G620B632-NoWV-RGB-Smth-WhtBal,1,2023-09-06-1133_9-Jupiter_R656G647B632-NoWV-RGB-Smth-WhtBal,1,2023-09-06-1149_4-Jupiter_R685G550B450-WV-RGB-ClrSmth-WhtBal-WV
20230906UTb,2023-09-06_12:03:12,18.0,242.5,264.7,C11,5600mm,ASI120MM,'6/10','8/10',2023-09-06-1203_2-Jupiter_R656G620B632-NoWV-RGB-Smth-WhtBal,1,2023-09-06-1203_2-Jupiter_R656G647B632-NoWV-RGB-Smth-WhtBal,1,2023-09-06-1149_4-Jupiter_R685G550B450-WV-RGB-ClrSmth-WhtBal-WV
20230922UTa,2023-09-22_06:29:00,182.0,286.1,312.6,C11,5600mm,ASI120MM,'8/10','8/10',2023-09-22-0629_0-Jupiter_R656G620B632-NoWV-RGB-Smth-WhtBal,1,2023-09-22-0629_0-Jupiter_R656G647B632-NoWV-RGB-Smth-WhtBal,1,2023-09-22-0644_8-Jupiter_R685G550B450-WV-RGB-WhtBal-ClrSmth-WV
20230923UTa,2023-09-23_05:59:12,321.8,58.5,85.2,VLT,5600mm,MUSE,'N/A','N/A',2023-09-23-0559_2-Jupiter_R656G620B632-RGB-Smth-WhtBal,1,2023-09-23-0559_2-Jupiter_R656G647B632-RGB-Smth-WhtBal,1,2023-09-23-0559_2-Jupiter_R650G550B450-RGB-Smth-WhtBal-WV
20230924UTa,2023-09-24_11:48:48,333.0,60.2,87.2,C11,5600mm,ASI120MM,'4/10','8/10',2023-09-24-1148_0-Jupiter_R656G620B632-NoWV-RGB-WhtBal,1,2023-09-24-1148_8-Jupiter_R656G647B632-NoWV-RGB-WhtBal,1,2023-09-24-1208_0-Jupiter_R685G550B450-RGB-WhtBal-ClrSmth-WV
20230929UTa,2023-09-29_05:32:12,173.4,224.5,252.8,C11,5600mm,ASI120MM,'6/10','8/10',2023-09-29-0532_2-Jupiter_R656G620B632-NoWV-RGB-WhtBal,1,2023-09-29-0532_2-Jupiter_R656G647B632-NoWV-RGB-WhtBal,1,2023-09-29-0547_9-Jupiter_R685G550B450-WV-RGB-WhtBal-ClrSmth-WV
20231005UTa,2023-10-05_04:59:54,21.8,27.3,57.2,C11,5600mm,ASI120MM,'7/10','8/10',2023-10-05-0459_9-Jupiter_R656G620B632-NoWV-RGB-Smth-WhtBal,1,2023-10-05-0459_9-Jupiter_R656G647B632-NoWV-RGB-Smth-WhtBal,1,2023-10-05-0512_7-Jupiter_R685G550B450-WV-RGB-ClrSmth-WhtBal-WV
20231006UTa,2023-10-06_05:04:42,182.8,180.6,210.8,C11,5600mm,ASI120MM,'7/10','8/10',2023-10-06-0504_7-Jupiter_R656G620B632-RGB-Smth-WhtBal,1,2023-10-06-0504_7-Jupiter_R656G647B632-RGB-Smth-WhtBal,1,2023-10-06-0520_8-Jupiter_R685G550B450-WV-RGB-ClrSmth-WhtBal-WV
20231006UTb,2023-10-06_05:35:24,201.5,199.1,229.3,C11,5600mm,ASI120MM,'7/10','8/10',2023-10-06-0535_4-Jupiter_R656G620B632-RGB-Smth-WhtBal,1,2023-10-06-0535_4-Jupiter_R656G647B632-RGB-Smth-WhtBal,1,2023-10-06-0548_9-Jupiter_R685G550B450-WV-RGB-ClrSmth-WhtBal-WV
20231015UTa,2023-10-15_04:56:36,160.1,89.3,121.9,C11,5600mm,ASI120MM,'5/10','8/10',2023-10-15-0456_6-Jupiter_R656G620B632-NoWV-RGB-Smth-WhtBal,1,2023-10-15-0456_6-Jupiter_R656G647B632-NoWV-RGB-Smth-WhtBal,1,2023-10-15-0510_2-Jupiter_R685G550B450-WV-RGB-WhtBal-ClrSmth-WV
20231015UTb,2023-10-15_05:22:36,176.0,105.0,137.6,C11,5600mm,ASI120MM,'5/10','8/10',2023-10-15-0522_6-Jupiter_R656G620B632-NoWV-RGB-Smth-WhtBal,1,2023-10-15-0522_6-Jupiter_R656G647B632-NoWV-RGB-Smth-WhtBal,1,2023-10-15-0536_4-Jupiter_R685G550B450-WV-RGB-WhtBal-ClrSmth-WV
20231017UTa,2023-10-17_05:05:42,121.8,35.6,68.7,C11,5600mm,ASI120MM,'8/10','8/10',2023-10-17-0505_7-Jupiter_R656G620B632-RGB-Smth-WhtBal,1,2023-10-17-0505_7-Jupiter_R656G647B632-RGB-Smth-WhtBal,1,2023-10-17-0520_1-Jupiter_R685G550B450-RGB-ClrSmth-WhtBal-WV
20231017UTb,2023-10-17_05:33:12,138.5,52.2,85.4,C11,5600mm,ASI120MM,'8/10','8/10',2023-10-17-0533_3-Jupiter_R656G620B632-RGB-Smth-WhtBal,1,2023-10-17-0533_2-Jupiter_R656G647B632-RGB-Smth-WhtBal,1,2023-10-17-0549_2-Jupiter_R685G550B450-RGB-ClrSmth-WhtBal-WV
20231019UTa,2023-10-19_04:52:18,69.7,328.3,2.0,C11,5600mm,ASI120MM,'6/10','8/10',2023-10-19-0452_2-Jupiter_R656G620B632-RGB-WhtBal,1,2023-10-19-0452_3-Jupiter_R656G647B632-RGB-WhtBal,1,2023-10-19-0507_2-Jupiter_R685G550B450-RGB-ClrSmth-WhtBal-WV
20231019UTb,2023-10-19_05:21:12,87.3,345.8,19.5,C11,5600mm,ASI120MM,'6/10','8/10',2023-10-19-0521_2-Jupiter_R656G620B632-RGB-WhtBal,1,2023-10-19-0521_2-Jupiter_R656G647B632-RGB-WhtBal,1,2023-10-19-0538_1-Jupiter_R685G550B450-RGB-ClrSmth-WhtBal-WV-WV
20231022UTa,2023-10-22_04:11:12,158.7,34.7,69.2,C11,5600mm,ASI120MM,'4/10','5/10',2023-10-22-0411_2-Jupiter_R656G620B632-RGB-WhtBal,1,2023-10-22-0411_2-Jupiter_R656G647B632-RGB-WhtBal,1,2023-10-22-0425_0-Jupiter_R685G550B450-RGB-ClrSmth-WhtBal-WV
20231023UTa,2023-10-23_04:17:18,320.5,188.8,223.5,C11,5600mm,ASI120MM,'6/10','8/10',2023-10-23-0417_3-Jupiter_R656G620B632-RGB-WhtBal,1,2023-10-23-0417_3-Jupiter_R656G647B632-RGB-WhtBal,1,2023-10-23-0434_6-Jupiter_R685G550B450-RGB-ClrSmth-WhtBal-WV-WV
20231023UTb,2023-10-23_04:51:00,341.0,209.2,243.9,C11,5600mm,ASI120MM,'6/10','8/10',2023-10-23-0450_9-Jupiter_R656G620B632-RGB-WhtBal,1,2023-10-23-0451_0-Jupiter_R656G647B632-RGB-WhtBal,1,2023-10-23-0507_2-Jupiter_R685G550B450-RGB-ClrSmth-WhtBal-WV-WV
20231024UTa,2023-10-24_04:06:24,111.9,332.7,7.6,C11,5600mm,ASI120MM,'8/10','5/10',2023-10-24-0406_8-Jupiter_R656G620B632-RGB-WhtBal,1,2023-10-24-0406_4-Jupiter_R656G647B632-RGB-WhtBal,1,2023-10-24-0419_1-Jupiter_R685G550B450-RGB-ClrSmth-WhtBal-WV
20231024UTb,2023-10-24_04:31:18,127.1,347.7,22.7,C11,5600mm,ASI120MM,'8/10','5/10',2023-10-24-0431_2-Jupiter_R656G620B632-RGB-WhtBal,1,2023-10-24-0431_3-Jupiter_R656G647B632-RGB-WhtBal,1,2023-10-24-0444_6-Jupiter_R685G550B450-RGB-ClrSmth-WhtBal-WV
20231026UTa,2023-10-26_04:21:18,77.0,282.5,318.0,C11,5600mm,ASI120MM,'6/10','4/10',2023-10-26-0421_3-Jupiter_R656G620B632-WV-RGB-WhtBal,1,2023-10-26-0421_3-Jupiter_R656G647B632-WV-RGB-WhtBal,1,2023-10-26-0433_9-Jupiter_R685G550B450-WV-RGB-ClrSmth-WhtBal-WV
20231103UTa,2023-11-03_03:53:24,244.3,28.9,66.5,C11,5600mm,ASI120MM,'U/10','U/10',2023-11-03-0353_4-Jupiter_R656G620B632-RGB-WhtBal,1,2023-11-03-0353_4-Jupiter_R656G647B632-RGB-WhtBal,1,2023-11-03-0407_3-Jupiter_R685G550B450-WV-RGB-ClrSmth-WhtBal-WV
20231107UTa,2023-11-07_03:05:36,127.3,241.6,280.3,C11,5600mm,ASI120MM,'4/10','5/10',2023-11-07-0305_6-Jupiter_R656G620B632-RGB-WhtBal,1,2023-11-07-0305_6-Jupiter_R656G647B632-RGB-WhtBal,1,2023-11-07-0319_2-Jupiter_R686G550B450-RGB-ClrSmth-WhtBal-WV
20231107UTb,2023-11-07_03:33:00,144.0,258.1,296.8,C11,5600mm,ASI120MM,'4/10','5/10',2023-11-07-0333_0-Jupiter_R656G620B632-RGB-WhtBal,1,2023-11-07-0333_0-Jupiter_R656G647B632-RGB-WhtBal,1,2023-11-07-0346_7-Jupiter_R686G550B450-RGB-ClrSmth-WhtBal-WV
20231110UTa,2023-11-10_03:39:42,262.2,353.4,32.8,C11,5600mm,ASI120MM,'6/10','8/10',2023-11-10-0339_7-Jupiter_R656G620B632-RGB-WhtBal,1,2023-11-10-0339_7-Jupiter_R656G647B632-RGB-WhtBal,1,2023-11-10-0353_6-Jupiter_R685G550B450-RGB-ClrSmth-WhtBal-WV
20231110UTb,2023-11-10_04:06:18,278.4,9.4,48.9,C11,5600mm,ASI120MM,'6/10','8/10',2023-11-10-0406_3-Jupiter_R656G620B632-RGB-WhtBal,1,2023-11-10-0406_3-Jupiter_R656G647B632-RGB-WhtBal,1,2023-11-10-0419_3-Jupiter_R685G550B450-RGB-ClrSmth-WhtBal-WV
20231110UTc,2023-11-10_04:32:06,294.1,25.0,64.5,C11,5600mm,ASI120MM,'6/10','8/10',2023-11-10-0432_1-Jupiter_R656G620B632-RGB-WhtBal,1,2023-11-10-0432_1-Jupiter_R656G647B632-RGB-WhtBal,1,2023-11-10-0448_0-Jupiter_R685G550B450-RGB-ClrSmth-WhtBal-WV
20231112UTa,2023-11-12_04:27:00,247.0,322.7,2.7,C11,5600mm,ASI120MM,'5/10','8/10',2023-11-12-0427_0-Jupiter_R656G620B632-RGB-WhtBal,1,2023-11-12-0427_0-Jupiter_R656G647B632-RGB-WhtBal,1,2023-11-12-0441_7-Jupiter_R685G550B450-RGB-ClrSmth-WhtBal-WV
20231112UTb,2023-11-12_04:57:00,265.3,340.9,20.9,C11,5600mm,ASI120MM,'5/10','8/10',2023-11-12-0457_0-Jupiter_R656G620B632-RGB-WhtBal,1,2023-11-12-0457_0-Jupiter_R656G647B632-RGB-WhtBal,1,2023-11-12-0512_1-Jupiter_R685G550B450-RGB-ClrSmth-WhtBal-WV
20231113UTa,2023-11-13_02:31:42,334.7,43.4,83.7,C11,5600mm,ASI120MM,'U/10','U/10',2023-11-13-0231_8-Jupiter_R656G620B632-RGB-WhtBal,1,2023-11-13-0231_7-Jupiter_R656G647B632-RGB-WhtBal,1,2023-11-13-0245_7-Jupiter_R685G550B450-RGB-ClrSmth-WhtBal-WV
20231113UTb,2023-11-13_02:59:24,351.6,60.2,100.4,C11,5600mm,ASI120MM,'U/10','U/10',2023-11-13-0259_4-Jupiter_R656G620B632-RGB-WhtBal,1,2023-11-13-0259_4-Jupiter_R656G647B632-RGB-WhtBal,1,2023-11-13-0314_0-Jupiter_R685G550B450-RGB-ClrSmth-WhtBal-WV
20231115UTa,2023-11-15_03:21:24,321.1,14.2,55.0,C11,5600mm,ASI120MM,'U/10','U/10',2023-11-15-0321_4-Jupiter_R656G620B632-RGB-WhtBal,1,2023-11-15-0321_4-Jupiter_R656G647B632-RGB-WhtBal,1,2023-11-15-0335_0-Jupiter_R685G550B450-RGB-ClrSmth-WhtBal-WV
20231115UTb,2023-11-15_03:47:54,337.2,30.2,71.0,C11,5600mm,ASI120MM,'U/10','U/10',2023-11-15-0347_9-Jupiter_R656G620B632-RGB-WhtBal,1,2023-11-15-0347_9-Jupiter_R656G647B632-RGB-WhtBal,1,2023-11-15-0401_4-Jupiter_R685G550B450-RGB-ClrSmth-WhtBal-WV
20231128UTa,2023-11-28_03:59:36,238.1,191.8,236.1,C11,5600mm,ASI120MM,'6/10','9/10',2023-11-28-0359_6-Jupiter_R656G620B632-RGB-WhtBal,1,2023-11-28-0359_6-Jupiter_R656G647B632-RGB-WhtBal,1,2023-11-28-0414_2-Jupiter_R685G550B450-RGB-ClrSmth-WhtBal-WV
20231128UTb,2023-11-28_04:26:42,254.6,208.2,252.5,C11,5600mm,ASI120MM,'6/10','9/10',2023-11-28-0426_7-Jupiter_R656G620B632-RGB-WhtBal,1,2023-11-28-0426_7-Jupiter_R656G647B632-RGB-WhtBal,1,2023-11-28-0438_9-Jupiter_R685G550B450-RGB-ClrSmth-WhtBal-WV
20231129UTa,2023-11-29_03:15:48,9.3,315.7,0.2,C11,5600mm,ASI120MM,'7/10','9/10',2023-11-29-0315_8-Jupiter_R656G620B632-RGB-WhtBal,1,2023-11-29-0315_8-Jupiter_R656G647B632-RGB-WhtBal,1,2023-11-29-0330_5-Jupiter_R685G550B450-RGB-ClrSmth-WhtBal-WV
20231129UTb,2023-11-29_03:44:54,27.1,333.3,17.8,C11,5600mm,ASI120MM,'7/10','9/10',2023-11-29-0344_9-Jupiter_R656G620B632-RGB-WhtBal,1,2023-11-29-0344_9-Jupiter_R656G647B632-RGB-WhtBal,1,2023-11-29-0358_9-Jupiter_R685G550B450-RGB-ClrSmth-WhtBal-WV
20231129UTc,2023-11-29_04:12:36,44.0,350.0,34.6,C11,5600mm,ASI120MM,'7/10','9/10',2023-11-29-0412_6-Jupiter_R656G620B632-RGB-WhtBal,1,2023-11-29-0412_6-Jupiter_R656G647B632-RGB-WhtBal,1,2023-11-29-0432_7-Jupiter_R685G550B450-RGB-ClrSmth-WhtBal-WV
20231206UTa,2023-12-06_03:04:48,28.2,281.2,327.6,C11,5600mm,ASI120MM,'U/10','U/10',2023-12-06-0304_8-Jupiter_R656G620B632-RGB-WhtBal,1,2023-12-06-0304_8-Jupiter_R656G647B632-RGB-WhtBal,1,2023-12-06-0317_8-Jupiter_R685G550B450-RGB-ClrSmth-WhtBal-WV
20231206UTb,2023-12-06_03:30:12,43.7,296.5,342.9,C11,5600mm,ASI120MM,'U/10','U/10',2023-12-06-0330_2-Jupiter_R656G620B632-RGB-WhtBal,1,2023-12-06-0330_2-Jupiter_R656G647B632-RGB-WhtBal,1,2023-12-06-0343_7-Jupiter_R685G550B450-RGB-ClrSmth-WhtBal-WV
20231207UTa,2023-12-07_02:48:18,176.0,61.5,108.2,C11,5600mm,ASI120MM,'U/10','U/10',2023-12-07-0248_4-Jupiter_R656G620B632-RGB-WhtBal,1,2023-12-07-0248_3-Jupiter_R656G647B632-RGB-WhtBal,1,2023-12-07-0302_7-Jupiter_R685G550B450-RGB-ClrSmth-WhtBal-WV
20231207UTb,2023-12-07_03:14:48,192.2,77.5,124.2,C11,5600mm,ASI120MM,'U/10','U/10',2023-12-07-0314_8-Jupiter_R656G620B632-RGB-WhtBal,1,2023-12-07-0314_8-Jupiter_R656G647B632-RGB-WhtBal,1,2023-12-07-0328_5-Jupiter_R685G550B450-RGB-ClrSmth-WhtBal-WV
20231207UTc,2023-12-07_03:43:42,209.8,95.0,141.7,C11,5600mm,ASI120MM,'U/10','U/10',2023-12-07-0343_7-Jupiter_R656G620B632-RGB-WhtBal,1,2023-12-07-0343_7-Jupiter_R656G647B632-RGB-WhtBal,1,2023-12-07-0400_7-Jupiter_R685G550B450-RGB-ClrSmth-WhtBal-WV
20231217UTa,2023-12-17_01:36:12,271.1,80.6,129.9,C11,5600mm,ASI120MM,'8/10','8/10',2023-12-17-0136_2-Jupiter_R656G620B632-RGB-Smth-WhtBal,1,2023-12-17-0136_2-Jupiter_R656G647B632-RGB-Smth-WhtBal,1,2023-12-17-0148_3-Jupiter_R685G550B450-RGB-ClrSmth-WhtBal-WV
20231217UTb,2023-12-17_02:01:36,286.5,96.0,145.3,C11,5600mm,ASI120MM,'8/10','8/10',2023-12-17-0201_7-Jupiter_R656G620B632-RGB-Smth-WhtBal,1,2023-12-17-0201_6-Jupiter_R656G647B632-RGB-Smth-WhtBal,1,2023-12-17-0215_3-Jupiter_R685G550B450-RGB-ClrSmth-WhtBal-WV
20231217UTc,2023-12-17_02:28:12,302.8,112.0,161.3,C11,5600mm,ASI120MM,'8/10','8/10',2023-12-17-0228_2-Jupiter_R656G620B632-RGB-Smth-WhtBal,1,2023-12-17-0228_2-Jupiter_R656G647B632-RGB-Smth-WhtBal,1,2023-12-17-0240_5-Jupiter_R685G550B450-RGB-ClrSmth-WhtBal-WV
20231218UTa,2023-12-18_00:00:36,10.7,173.1,222.6,C11,5600mm,ASI120MM,'6/10','8/10',2023-12-17-2359_9-Jupiter_R656G620B632-RGB-Smth-WhtBal,1,2023-12-18-0000_6-Jupiter_R656G647B632-RGB-Smth-WhtBal,1,2023-12-18-0017_8-Jupiter_R685G550B450-RGB-ClrSmth-WhtBal-WV
20231218UTb,2023-12-18_01:22:36,60.6,222.6,272.2,C11,5600mm,ASI120MM,'9/10','8/10',2023-12-18-0122_6-Jupiter_R656G620B632-RGB-Smth-WhtBal,1,2023-12-18-0122_6-Jupiter_R656G647B632-RGB-Smth-WhtBal,1,2023-12-18-0134_7-Jupiter_R685G550B450-RGB-ClrSmth-WhtBal-WV
20231218UTc,2023-12-18_02:21:24,96.5,258.2,307.7,C11,5600mm,ASI120MM,'9/10','8/10',2023-12-18-0221_4-Jupiter_R656G620B632-RGB-Smth-WthBal,1,2023-12-18-0221_4-Jupiter_R656G647B632-RGB-Smth-WhtBal,1,2023-12-18-0235_5-Jupiter_R685G550B450-RGB-ClrSmth-WhtBal-WV
20231218UTd,2023-12-18_03:12:54,127.9,289.3,338.9,C11,5600mm,ASI120MM,'7/10','8/10',2023-12-18-0312_8-Jupiter_R656G620B632-RGB-Smth-WhtBal,1,2023-12-18-0312_9-Jupiter_R656G647B632-RGB-Smth-WhtBal,1,2023-12-18-0327_6-Jupiter_R685G550B450-RGB-ClrSmth-WhtBal-WV
20231218UTe,2023-12-18_04:16:24,166.6,327.7,17.3,C11,5600mm,ASI120MM,'7/10','8/10',2023-12-18-0416_4-Jupiter_R656G620B632-RGB-Smth-WhtBal,1,2023-12-18-0416_4-Jupiter_R656G647B632-RGB-Smth-WhtBal,1,2023-12-18-0430_4-Jupiter_R685G550B450-RGB-ClrSmth-WhtBal-WV
20231218UTf,2023-12-18_05:13:06,201.2,1.9,51.5,C11,5600mm,ASI120MM,'7/10','8/10',2023-12-18-0513_1-Jupiter_R656G620B632-RGB-Smth-WhtBal,1,2023-12-18-0513_1-Jupiter_R656G647B632-RGB-Smth-WhtBal,1,2023-12-18-0527_0-Jupiter_R685G550B450-RGB-ClrSmth-WhtBal-WV
20231229UTa,2023-12-29_00:48:00,335.9,54.1,106.6,C11,5600mm,ASI120MM,'U/10','u/10',2023-12-29-0048_0-Jupiter_R656G620B632-RGB-Smth-WhtBal,1,2023-12-29-0048_0-Jupiter_R656G647B632-RGB-Smth-WhtBal,1,2023-12-29-0104_2-Jupiter_R685G550B450-RGB-ClrSmth-WhtBal-WV
20231229UTb,2023-12-29_02:07:00,24.0,101.9,154.4,C11,5600mm,ASI120MM,'U/10','u/10',2023-12-29-0207_0-Jupiter_R656G620B632-RGB-Smth-WhtBal,1,2023-12-29-0207_0-Jupiter_R656G647B632-RGB-Smth-WhtBal,1,2023-12-29-0220_0-Jupiter_R685G550B450-RGB-ClrSmth-WhtBal-WV
20231229UTc,2023-12-29_03:35:48,78.2,155.6,208.1,C11,5600mm,ASI120MM,'U/10','u/10',2023-12-29-0335_7-Jupiter_R656G620B632-RGB-Smth-WhtBal,1,2023-12-29-0335_8-Jupiter_R656G647B632-RGB-Smth-WhtBal,1,2023-12-29-0352_1-Jupiter_R685G550B450-RGB-ClrSmth-WhtBal-WV
20240129UTa,2024-01-29_02:07:00,235.0,76.3,137.0,C11,5600mm,ASI120MM,'6/10','8/10',2024-01-29-0207_0-Jupiter_R656G620B632-RGB-Smth-WhtBal,1,2024-01-29-0207_0-Jupiter_R656G647B632-RGB-Smth-WhtBal,1,2024-01-29-0223_3-Jupiter_R685G550B450-RGB-ClrSmth-WthBal-WV
20240129UTb,2024-01-29_02:35:36,252.4,93.6,154.3,C11,5600mm,ASI120MM,'6/10','8/10',2024-01-29-0235_6-Jupiter_R656G620B632-RGB-Smth-WhtBal,1,2024-01-29-0235_6-Jupiter_R656G647B632-RGB-Smth-WhtBal,1,2024-01-29-0248_4-Jupiter_R685G550B450-RGB-ClrSmth-WhtBal-WV
20240130UTa,2024-01-30_01:17:06,2.3,196.2,257.2,C11,5600mm,ASI120MM,'8/10','8/10',2024-01-30-0117_1-Jupiter_R656G620B632-RGB-Smth-WhtBal,1,2024-01-30-0117_1-Jupiter_R656G647B632-RGB-Smth-WhtBal,1,2024-01-30-0131_1-Jupiter_R685G550B450-RGB-ClrSmth-WhtBal-WV
20240130UTb,2024-01-30_02:48:00,57.7,251.2,312.2,C11,5600mm,ASI120MM,'8/10','8/10',2024-01-30-0248_0-Jupiter_R656G620B632-RGB-Smth-WhtBal,1,2024-01-30-0248_0-Jupiter_R656G647B632-RGB-Smth-WhtBal,1,2024-01-30-0306_4-Jupiter_R685G550B450-DR-ST-RGB-ClrSmth-WhtBal-WV
20240130UTc,2024-01-30_03:22:06,78.5,271.8,332.8,C11,5600mm,ASI120MM,'8/10','8/10',2024-01-30-0322_1-Jupiter_R656G620B632-RGB-Smth-WhtBal,1,2024-01-30-0322_1-Jupiter_R656G647B632-RGB-Smth-WhtBal,1,2024-01-30-0334_4-Jupiter_R685G550B450-RGB-ClrSmth-WhtBal-WV
20240131UTa,2024-01-31_02:22:30,199.9,25.9,87.1,C11,5600mm,ASI120MM,'8/10','8/10',2024-01-31-0222_5-Jupiter_R656G620B632-RGB-Smth-WhtBal,1,2024-01-31-0222_5-Jupiter_R656G647B632-RGB-Smth-WhtBal,1,2024-01-31-0236_3-Jupiter_R685G550B450-RGB-ClrSmthWhtBal-WV
20240131UTb,2024-01-31_02:49:06,216.1,41.9,103.2,C11,5600mm,ASI120MM,'8/10','8/10',2024-01-31-0249_1-Jupiter_R656G620B632-RGB-Smth-WhtBal,1,2024-01-31-0249_1-Jupiter_R656G647B632-RGB-Smth-WhtBal,1,2024-01-31-0302_3-Jupiter_R685G550B450-RGB-ClrSmthWhtBal-WV
20240202UTa,2024-02-02_02:17:06,152.0,322.8,24.6,C11,5600mm,ASI120MM,'8/10','8/10',2024-02-02-0217_1-Jupiter_R656G620B632-RGB-Smth-WhtBal,1,2024-02-02-0217_1-Jupiter_R656G647B632-RGB-Smth-WhtBal,1,2024-02-02-0229_6-Jupiter_R685G550B450-RGB-ClrSmth-WhtBal-WV
20240202UTb,2024-02-02_03:19:30,190.0,0.5,62.3,C11,5600mm,ASI120MM,'8/10','8/10',2024-02-02-0319_5-Jupiter_R656G620B632-RGB-Smth-WhtBal,1,2024-02-02-0319_5-Jupiter_R656G647B632-RGB-Smth-WhtBal,1,2024-02-02-0334_8-Jupiter_R685G550B450-RGB-ClrSmth-WhtBal-WV
20240220UTa,2024-02-20_01:34:24,84.5,118.1,184.7,C11,5600mm,ASI120MM,'8/10','8/10',2024-02-20-0134_3-Jupiter_R656G620B632-RGB-Smth-WhtBal,1,2024-02-20-0134_4-Jupiter_R656G647B632-RGB-Smth-WhtBal,1,2024-02-20-0148_1-Jupiter_R685G550B450-RGB-ClrSmth-WhtBal-WV
20240220UTb,2024-02-20_02:00:36,100.5,134.0,200.6,C11,5600mm,ASI120MM,'8/10','8/10',2024-02-20-0200_7-Jupiter_R656G620B632-RGB-Smth-WhtBal,1,2024-02-20-0200_6-Jupiter_R656G647B632-RGB-Smth-WhtBal,1,2024-02-20-0214_2-Jupiter_R685G550B450-RGB-ClrSmth-WhtBal-WV
20240229UTa,2024-02-29_02:03:12,81.1,45.9,114.9,C11,5600mm,ASI120MM,'8/10','8/10',2024-02-29-0203_5-Jupiter_R656G620B632-RGB-Smth-WhtBal,1,2024-02-29-0203_2-Jupiter_R656G647B632-RGB-Smth-WhtBal,1,2024-02-29-0216_9-Jupiter_R685G550B450-RGB-ClrSmth-WhtBal-WV
20240229UTb,2024-02-29_02:29:06,96.9,61.6,130.6,C11,5600mm,ASI120MM,'8/10','8/10',2024-02-29-0229_1-Jupiter_R656G620B632-RGB-Smth-WhtBal,1,2024-02-29-0229_1-Jupiter_R656G647B632-RGB-Smth-WhtBal,1,2024-02-29-0241_3-Jupiter_R685G550B450-RGB-ClrSmth-WhtBal-WV
20240301UTa,2024-03-01_01:54:00,233.1,190.4,259.7,C11,5600mm,ASI120MM,'8/10','8/10',2024-03-01-0154_0-Jupiter_R656G620B632-RGB-Smth-WhtBal,1,2024-03-01-0154_0-Jupiter_R656G647B632-RGB-Smth-WhtBal,1,2024-03-01-0207_7-Jupiter_R685G550B450-RGB-ClrSmth-WhtBal-WV
20240301UTb,2024-03-01_02:20:00,249.0,206.1,275.4,C11,5600mm,ASI120MM,'8/10','8/10',2024-03-01-0220_0-Jupiter_R656G620B632-RGB-Smth-WhtBal,1,2024-03-01-0220_0-Jupiter_R656G647B632-RGB-Smth-WhtBal,1,2024-03-01-0232_4-Jupiter_R685G550B450-RGB-ClrSmth-WhtBal-WV
20240919UTb,2024-09-19_10:55:48,23.7,236.9,359.9,C11,5600mm,ASI120MM,'6/10','9/10',2024-09-19-1055_8-Jupiter_R656G620B632-RGB-WhtBal-Smth,1,2024-09-19-1055_8-Jupiter_R656G647B632-RGB-WhtBal-Smth,1,2024-09-19-1111_7-Jupiter_R685G550B450-RGB-Smth-WhtBal-WV-WV
20240919UTc,2024-09-19_11:27:24,43.0,256.0,19.0,C11,5600mm,ASI120MM,'6/10','9/10',2024-09-19-1127_4-Jupiter_R656G620B632-RGB-Smth-WhtBal,1,2024-09-19-1127_4-Jupiter_R656G647B632-RGB-Smth-WhtBal,1,2024-09-19-1140_4-Jupiter_R685G550B450-RGB-Smth-WhtBal-WV
20240925UTb,2024-09-25_11:27:00,270.3,77.4,202.1,C11,5600mm,ASI120MM,'8/10','8/10',2024-09-25-1127_0-Jupiter_R656G620B632-RGB-WhtBal,1,2024-09-25-1127_0-Jupiter_R656G647B632-RGB-WhtBal,1,2024-09-25-1144_1-Jupiter_R685G550B450-RGB-ClrSmth-WhtBal-WV
20240925UTc,2024-09-25_11:58:30,289.5,96.5,221.2,C11,5600mm,ASI120MM,'8/10','8/10',2024-09-25-1158_5-Jupiter_R656G620B632-RGB-WhtBal,1,2024-09-25-1158_5-Jupiter_R656G647B632-RGB-WhtBal,1,2024-09-25-1211_2-Jupiter_R685G550B450-RGB-ClrSmth-WhtBal-WV
20240926UTa,2024-09-26_11:10:54,58.4,218.0,342.9,C11,5600mm,ASI120MM,'8/10','8/10',2024-09-26-1110_9-Jupiter_R656G620B632-RGB-WhtBal,1,2024-09-26-1110_9-Jupiter_R656G647B632-RGB-WhtBal,1,2024-09-26-1121_7-Jupiter_R685G550B450-RGB-ClrSmth-WhtBal-WV
20240926UTb,2024-09-26_11:36:18,73.9,233.4,358.3,C11,5600mm,ASI120MM,'8/10','8/10',2024-09-26-1136_3-Jupiter_R656G620B632-RGB-WhtBal,1,2024-09-26-1136_3-Jupiter_R656G647B632-RGB-WhtBal,1,2024-09-26-1147_6-Jupiter_R685G550B450-RGB-ClrSmth-WhtBal-WV
20240929UTa,2024-09-29_11:21:42,178.8,315.4,81.2,C11,5600mm,ASI120MM,'9/10','8/10',2024-09-29-1121_7-Jupiter_R656G620B632-RGB-WhtBal,1,2024-09-29-1121_7-Jupiter_R656G647B632-RGB-WhtBal,1,2024-09-29-1135_7-Jupiter_R685G550B450-RGB-ClrSmth-WhtBal-WV
20240929UTb,2024-09-29_11:55:18,199.3,335.7,101.5,C11,5600mm,ASI120MM,'9/10','8/10',2024-09-29-1155_4-Jupiter_R656G620B632-RGB-WhtBal,1,2024-09-29-1155_3-Jupiter_R656G647B632-RGB-WhtBal,1,2024-09-29-1208_0-Jupiter_R685G550B450-RGB-ClrSmth-WhtBal-WV
20241002UTa,2024-10-02_11:34:24,300.3,54.0,180.6,C11,5600mm,ASI120MM,'4/10','8/10',2024-10-02-1134_4-Jupiter_R656G620B632-RGB-WhtBal,1,2024-10-02-1134_4-Jupiter_R656G647B632-RGB-WhtBal,1,2024-10-02-1159_9-Jupiter_R685G550B450-RGB-ClrSmth-WhtBal-WV
20241002UTb,2024-10-02_12:12:00,323.3,76.8,203.3,C11,5600mm,ASI120MM,'3/10','8/10',2024-10-02-1212_0-Jupiter_R656G620B632-RGB-WhtBal,1,2024-10-02-1212_0-Jupiter_R656G647B632-RGB-WhtBal,1,2024-10-02-1224_3-Jupiter_R685G550B450-RGB-ClrSmth-WhtBal-WV
20241006UTa,2024-10-06_06:38:42,31.9,116.6,244.2,C11,5600mm,ASI120MM,'6/10','8/10',2024-10-06-0638_6-Jupiter_R656G620B632-RGB-WhtBal,1,2024-10-06-0638_7-Jupiter_R656G647B632-RGB-WhtBal,1,2024-10-06-0650_4-Jupiter_R685G550B450-RGB-ClrSmth-WhtBal-WV
20241006UTb,2024-10-06_07:02:12,46.2,130.8,258.4,C11,5600mm,ASI120MM,'6/10','8/10',2024-10-06-0702_2-Jupiter_R656G620B632-RGB-WhtBal,1,2024-10-06-0702_2-Jupiter_R656G647B632-RGB-WhtBal,1,2024-10-06-0716_1-Jupiter_R685G550B450-RGB-ClrSmth-WhtBal-WV
20241007UTa,2024-10-07_11:45:30,16.9,92.4,220.2,C11,5600mm,ASI120MM,'6/10','8/10',2024-10-07-1145_5-Jupiter_R656G620B632-RGB-WhtBal,1,2024-10-07-1145_5-Jupiter_R656G647B632-RGB-WhtBal,1,2024-10-07-1201_3-Jupiter_R685G550B450-RGB-ClrSmth-WhtBal-WV
20241007UTb,2024-10-07_12:13:36,34.0,109.3,237.2,C11,5600mm,ASI120MM,'6/10','8/10',2024-10-07-1213_6-Jupiter_R656G620B632-RGB-WhtBal,1,2024-10-07-1213_6-Jupiter_R656G647B632-RGB-WhtBal,1,2024-10-07-1225_6-Jupiter_R685G550B450-RGB-ClrSmth-WhtBal-WV
20241008UTa,2024-10-08_11:41:00,172.1,240.0,8.1,C11,5600mm,ASI120MM,'U','8/10',2024-10-08-1141_0-Jupiter_R656G620B632-RGB-WhtBal,1,2024-10-08-1141_0-Jupiter_R656G647B632-RGB-WhtBal,1,2024-10-08-1153_1-Jupiter_R685G550B450-RGB-ClrSmth-WhtBal-WV
20241008UTb,2024-10-08_12:05:24,187.0,254.7,22.9,C11,5600mm,ASI120MM,'U','8/10',2024-10-08-1205_4-Jupiter_R656G620B632-RGB-WhtBal,1,2024-10-08-1205_4-Jupiter_R656G647B632-RGB-WhtBal,1,2024-10-08-1218_2-Jupiter_R685G550B450-RGB-ClrSmth-WhtBal-WV
20241009UTb,2024-10-09_11:50:18,335.7,35.9,164.3,C11,5600mm,ASI120MM,'9/10','8/10',2024-10-09-1150_3-Jupiter_R656G620B632-RGB-WhtBal,1,2024-10-09-1150_3-Jupiter_R656G647B632-RGB-WhtBal,1,2024-10-09-1202_2-Jupiter_R685G550B450-RGB-ClrSmth-WhtBal-WV
20241009UTc,2024-10-09_12:14:00,350.2,50.2,178.7,C11,5600mm,ASI120MM,'9/10','8/10',2024-10-09-1214_1-Jupiter_R656G620B632-RGB-WhtBal,1,2024-10-09-1214_0-Jupiter_R656G647B632-RGB-WhtBal,1,2024-10-09-1225_9-Jupiter_R685G550B450-RGB-ClrSmth-WhtBal-WV
20241010UTa,2024-10-10_11:40:06,127.5,180.1,308.8,C11,5600mm,ASI120MM,'U','U',2024-10-10-1140_1-Jupiter_R656G620B632-RGB-WhtBal,1,2024-10-10-1140_1-Jupiter_R656G647B632-RGB-WhtBal,1,2024-10-10-1152_6-Jupiter_R685G550B450-RGB-ClrSmth-WhtBal-WV
20241010UTb,2024-10-10_12:01:54,140.7,193.3,321.9,C11,5600mm,ASI120MM,'U','U',2024-10-10-1201_9-Jupiter_R656G620B632-RGB-WhtBal,1,2024-10-10-1201_9-Jupiter_R656G647B632-RGB-WhtBal,1,2024-10-10-1216_3-Jupiter_R685G550B450-RGB-ClrSmth-WhtBal-WV
20241014UTa,2024-10-14_12:10:36,57.9,79.9,209.6,C11,5600mm,ASI120MM,'9/10','6/10',2024-10-14-1210_6-Jupiter_R656G620B632-RGB-WhtBal-Flattened,1,2024-10-14-1210_6-Jupiter_R656G647B632-RGB-WhtBal-Flattened,1,2024-10-14-1223_2-Jupiter_R685G550B450-RGB-ClrSmth-WhtBal-WV
20241014UTb,2024-10-14_12:35:36,73.2,95.0,224.7,C11,5600mm,ASI120MM,'9/10','6/10',2024-10-14-1235_6-Jupiter_R656G620B632-RGB-WhtBal-Flattened,1,2024-10-14-1235_6-Jupiter_R656G647B632-RGB-WhtBal-Flattened,1,2024-10-14-1248_2-Jupiter_R685G550B450-RGB-ClrSmth-WhtBal-WV
20241016UTa,2024-10-16_12:06:48,11.6,18.3,148.5,C11,5600mm,ASI120MM,'9/10','6/10',2024-10-16-1206_8-Jupiter_R656G620B632-RGB-WhtBal,1,2024-10-16-1206_8-Jupiter_R656G647B632-RGB-WhtBal,1,2024-10-16-1219_6-Jupiter_R685G550B450-RGB-ClrSmth-WhtBal-WV
20241016UTb,2024-10-16_12:34:24,28.4,35.0,165.2,C11,5600mm,ASI120MM,'9/10','6/10',2024-10-16-1234_4-Jupiter_R656G620B632-RGB-WhtBal,1,2024-10-16-1234_4-Jupiter_R656G647B632-RGB-WhtBal,1,2024-10-16-1248_2-Jupiter_R685G550B450-RGB-ClrSmth-WhtBal-WV
20241016UTc,2024-10-16_12:29:36,25.5,32.1,162.3,C11,5600mm,ASI120MM,'9/10','6/10',2024-10-16-1228_8-Jupiter_R656G620B632-RGB-WhtBal,1,2024-10-16-1229_6-Jupiter_R656G647B632-RGB-WhtBal,1,2024-10-16-1219_6-Jupiter_R685G550B450-RGB-ClrSmth-WhtBal-WV
20241022UTa,2024-10-22_11:48:30,228.3,189.3,321.2,C11,5600mm,ASI120MM,'9/10','6/10',2024-10-22-1148_5-Jupiter_R656G620B632-RGB-WhtBal,1,2024-10-22-1148_5-Jupiter_R656G647B632-RGB-WhtBal,1,2024-10-22-1201_6-Jupiter_R685G550B450-RGB-ClrSmth-WhtBal-WV
20241022UTb,2024-10-22_12:13:18,243.5,204.3,336.2,C11,5600mm,ASI120MM,'9/10','5/10',2024-10-22-1213_3-Jupiter_R656G620B632-RGB-WhtBal,1,2024-10-22-1213_3-Jupiter_R656G647B632-RGB-WhtBal,1,2024-10-22-1225_4-Jupiter_R685G550B450-RGB-ClrSmth-WhtBal-WV
20241023UTa,2024-10-23_04:53:24,133.2,88.8,220.9,C11,5600mm,ASI120MM,'U','U',2024-10-23-0453_4-Jupiter_R656G620B632-RGB-WhtBal,1,2024-10-23-0453_4-Jupiter_R656G647B632-RGB-WhtBal,1,2024-10-23-0505_6-Jupiter_R685G550B450-RGB-ClrSmth-WhtBal-WV
20241027UTa,2024-10-27_05:13:06,57.2,342.2,115.3,C11,5600mm,ASI120MM,'U','U',2024-10-27-0513_1-Jupiter_R656G620B632-RGB-WhtBal,1,2024-10-27-0513_1-Jupiter_R656G647B632-RGB-WhtBal,1,2024-10-27-0523_6-Jupiter_R685G550B450-RGB-ClrSmth-WhtBal-WV
20241027UTb,2024-10-27_05:34:06,70.0,354.9,128.0,C11,5600mm,ASI120MM,'U','U',2024-10-27-0534_1-Jupiter_R656G620B632-RGB-WhtBal,1,2024-10-27-0534_1-Jupiter_R656G647B632-RGB-WhtBal,1,2024-10-27-0608_6-Jupiter_R685G550B450-RGB-ClrSmth-WhtBal-WV
20241027UTc,2024-10-27_05:58:06,84.7,9.4,142.5,C11,5600mm,ASI120MM,'U','U',2024-10-27-0558_1-Jupiter_R656G620B632-RGB-WhtBal,1,2024-10-27-0558_1-Jupiter_R656G647B632-RGB-WhtBal,1,2024-10-27-0608_6-Jupiter_R685G550B450-RGB-ClrSmth-WhtBal-WV
20241027UTd,2024-10-27_06:19:06,97.5,22.1,155.2,C11,5600mm,ASI120MM,'U','U',2024-10-27-0619_0-Jupiter_R656G620B632-RGB-WhtBal,1,2024-10-27-0619_1-Jupiter_R656G647B632-RGB-WhtBal,1,2024-10-27-0629_6-Jupiter_R685G550B450-RGB-ClrSmth-WhtBal-WV
20241027UTe,2024-10-27_06:50:42,116.8,41.2,174.3,C11,5600mm,ASI120MM,'U','U',2024-10-27-0650_8-Jupiter_R656G620B632-RGB-WhtBal,1,2024-10-27-0650_7-Jupiter_R656G647B632-RGB-WhtBal,1,2024-10-27-0701_3-Jupiter_R685G550B450-RGB-ClrSmth-WhtBal-WV
20241027UTf,2024-10-27_07:11:42,129.6,53.9,187.0,C11,5600mm,ASI120MM,'U','U',2024-10-27-0711_7-Jupiter_R656G620B632-RGB-WhtBal,1,2024-10-27-0711_7-Jupiter_R656G647B632-RGB-WhtBal,1,2024-10-27-0722_2-Jupiter_R685G550B450-RGB-ClrSmth-WhtBal-WV
20241027UTg,2024-10-27_07:46:48,151.0,75.1,208.3,C11,5600mm,ASI120MM,'U','U',2024-10-27-0746_8-Jupiter_R656G620B632-RGB-WhtBal,1,2024-10-27-0746_8-Jupiter_R656G647B632-RGB-WhtBal,1,2024-10-27-0757_3-Jupiter_R685G550B450-RGB-ClrSmth-WhtBal-WV
20241027UTh,2024-10-27_08:07:48,163.8,87.8,221.0,C11,5600mm,ASI120MM,'U','U',2024-10-27-0807_8-Jupiter_R656G620B632-RGB-WhtBal,1,2024-10-27-0807_8-Jupiter_R656G647B632-RGB-WhtBal,1,2024-10-27-0818_3-Jupiter_R685G550B450-RGB-ClrSmth-WhtBal-WV
20241027UTi,2024-10-27_08:49:18,189.1,112.9,246.0,C11,5600mm,ASI120MM,'U','U',2024-10-27-0849_3-Jupiter_R656G620B632-RGB-WhtBal,1,2024-10-27-0849_3-Jupiter_R656G620B632-RGB-WhtBal,1,2024-10-27-0859_8-Jupiter_R685G550B450-RGB-ClrSmth-WhtBal-WV
20241027UTj,2024-10-27_09:10:18,201.9,125.6,258.7,C11,5600mm,ASI120MM,'U','U',2024-10-27-0910_3-Jupiter_R656G620B632-RGB-WhtBal,1,2024-10-27-0910_3-Jupiter_R656G647B632-RGB-WhtBal,1,2024-10-27-0920_8-Jupiter_R685G550B450-RGB-ClrSmth-WhtBal-WV
20241105UTa,2024-11-05_04:41:36,20.2,236.6,12.1,C11,5600mm,ASI120MM,'9/10','8/10',2024-11-05-0441_6-Jupiter_R656G620B632-RGB-WhtBal,1,2024-11-05-0441_6-Jupiter_R656G647B632-RGB-WhtBal,1,2024-11-05-0452_0-Jupiter_R685G550B450-RGB-ClrSmth-WhtBal-WV
20241105UTb,2024-11-05_05:12:30,39.0,255.3,30.8,C11,5600mm,ASI120MM,'9/10','8/10',2024-11-05-0512_5-Jupiter_R656G620B632-RGB-WhtBal,1,2024-11-05-0512_5-Jupiter_R656G647B632-RGB-WhtBal,1,2024-11-05-0523_0-Jupiter_R685G550B450-RGB-ClrSmth-WhtBal-WV
20241105UTc,2024-11-05_05:43:24,57.8,274.0,49.5,C11,5600mm,ASI120MM,'9/10','8/10',2024-11-05-0543_4-Jupiter_R656G620B632-RGB-WhtBal,1,2024-11-05-0543_4-Jupiter_R656G647B632-RGB-WhtBal,1,2024-11-05-0553_9-Jupiter_R685G550B450-RGB-ClrSmth-WhtBal-WV
20241105UTd,2024-11-05_06:14:18,76.7,292.6,68.2,C11,5600mm,ASI120MM,'9/10','8/10',2024-11-05-0614_3-Jupiter_R656G620B632-RGB-WhtBal,1,2024-11-05-0614_3-Jupiter_R656G647B632-RGB-WhtBal,1,2024-11-05-0624_8-Jupiter_R685G550B450-RGB-ClrSmth-WhtBal-WV
20241105UTe,2024-11-05_06:45:12,95.5,311.3,86.9,C11,5600mm,ASI120MM,'9/10','8/10',2024-11-05-0645_2-Jupiter_R656G620B632-RGB-WhtBal,1,2024-11-05-0645_2-Jupiter_R656G647B632-RGB-WhtBal,1,2024-11-05-0655_7-Jupiter_R685G550B450-RGB-ClrSmth-WhtBal-WV
20241105UTf,2024-11-05_07:16:06,114.4,330.0,105.5,C11,5600mm,ASI120MM,'9/10','8/10',2024-11-05-0716_2-Jupiter_R656G620B632-RGB-WhtBal,1,2024-11-05-0716_1-Jupiter_R656G647B632-RGB-WhtBal,1,2024-11-05-0726_6-Jupiter_R685G550B450-RGB-ClrSmth-WhtBal-WV
20241105UTg,2024-11-05_07:47:06,133.3,348.7,124.3,C11,5600mm,ASI120MM,'9/10','8/10',2024-11-05-0747_0-Jupiter_R656G620B632-RGB-WhtBal,1,2024-11-05-0747_1-Jupiter_R656G647B632-RGB-WhtBal,1,2024-11-05-0757_5-Jupiter_R685G550B450-RGB-ClrSmth-WhtBal-WV
20241105UTh,2024-11-05_08:18:00,152.1,7.4,143.0,C11,5600mm,ASI120MM,'9/10','8/10',2024-11-05-0818_0-Jupiter_R656G620B632-RGB-WhtBal,1,2024-11-05-0818_0-Jupiter_R656G647B632-RGB-WhtBal,1,2024-11-05-0828_5-Jupiter_R685G550B450-RGB-ClrSmth-WhtBal-WV
20241105UTi,2024-11-05_08:48:54,170.9,26.1,161.6,C11,5600mm,ASI120MM,'9/10','8/10',2024-11-05-0848_9-Jupiter_R656G620B632-RGB-WhtBal,1,2024-11-05-0848_9-Jupiter_R656G647B632-RGB-WhtBal,1,2024-11-05-0859_4-Jupiter_R685G550B450-RGB-ClrSmth-WhtBal-WV
20241105UTj,2024-11-05_09:19:48,189.8,44.8,180.3,C11,5600mm,ASI120MM,'9/10','8/10',2024-11-05-0919_8-Jupiter_R656G620B632-RGB-WhtBal,1,2024-11-05-0919_8-Jupiter_R656G647B632-RGB-WhtBal,1,2024-11-05-0930_3-Jupiter_R685G550B450-RGB-WhtBal-WV-artifact
20241111UTa,2024-11-11_04:53:06,255.3,65.9,203.0,C11,5600mm,ASI120MM,'9/10','8/10',2024-11-11-0453_1-Jupiter_R656G620B632-RGB-WhtBal,1,2024-11-11-0453_1-Jupiter_R656G647B632-RGB-WhtBal,1,2024-11-11-0503_6-Jupiter_R685G550B450-RGB-ClrSmth-WhtBal-WV
20241115UTa,2024-11-15_04:35:24,156.7,296.8,75.0,C11,5600mm,ASI120MM,'9/10','8/10',2024-11-15-0435_4-Jupiter_R656G620B632-RGB-WhtBal,1,2024-11-15-0435_4-Jupiter_R656G647B632-RGB-WhtBal,1,2024-11-15-0445_9-Jupiter_R685G550B450-RGB-ClrSmth-WhtBal-WV
20241115UTb,2024-11-15_04:56:18,169.4,309.5,87.7,C11,5600mm,ASI120MM,'9/10','8/10',2024-11-15-0456_3-Jupiter_R656G620B632-RGB-WhtBal,1,2024-11-15-0456_3-Jupiter_R656G647B632-RGB-WhtBal,1,2024-11-15-0506_8-Jupiter_R685G550B450-RGB-ClrSmth-WhtBal-WV
20241115UTc,2024-11-15_05:17:12,182.2,322.1,100.3,C11,5600mm,ASI120MM,'9/10','8/10',2024-11-15-0517_3-Jupiter_R656G620B632-RGB-WhtBal,1,2024-11-15-0517_2-Jupiter_R656G647B632-RGB-WhtBal,1,2024-11-15-0527_7-Jupiter_R685G550B450-RGB-ClrSmth-WhtBal-WV
20241115UTd,2024-11-15_05:38:06,194.9,334.7,112.9,C11,5600mm,ASI120MM,'9/10','8/10',2024-11-15-0538_1-Jupiter_R656G620B632-RGB-WhtBal,1,2024-11-15-0538_1-Jupiter_R656G647B632-RGB-WhtBal,1,2024-11-15-0548_6-Jupiter_R685G550B632450-RGB-ClrSmth-WhtBal-WV
20241115UTe,2024-11-15_06:06:12,212.0,351.7,129.9,C11,5600mm,ASI120MM,'9/10','8/10',2024-11-15-0606_2-Jupiter_R656G620B632-RGB-WhtBal,1,2024-11-15-0606_2-Jupiter_R656G647B632-RGB-WhtBal,1,2024-11-15-0616_7-Jupiter_R685G550B450-RGB-ClrSmth-WhtBal-WV
20241115UTf,2024-11-15_06:27:06,224.8,4.4,142.6,C11,5600mm,ASI120MM,'9/10','8/10',2024-11-15-0627_1-Jupiter_R656G620B632-RGB-WhtBal,1,2024-11-15-0627_1-Jupiter_R656G647B632-RGB-WhtBal,1,2024-11-15-0637_6-Jupiter_R685G550B450-RGB-ClrSmth-WhtBal-WV
20241115UTg,2024-11-15_06:48:00,237.5,17.0,155.2,C11,5600mm,ASI120MM,'9/10','8/10',2024-11-15-0648_1-Jupiter_R656G620B632-RGB-WhtBal,1,2024-11-15-0648_0-Jupiter_R656G647B632-RGB-WhtBal,1,2024-11-15-0658_5-Jupiter_R685G550B450-RGB-ClrSmth-WhtBal-WV
20241115UTh,2024-11-15_07:09:00,250.3,29.7,167.9,C11,5600mm,ASI120MM,'9/10','8/10',2024-11-15-0708_9-Jupiter_R656G620B632-RGB-WhtBal,1,2024-11-15-0709_0-Jupiter_R656G647B632-RGB-WhtBal,1,2024-11-15-0719_4-Jupiter_R685G550B450-RGB-ClrSmth-WhtBal-WV
20241115UTi,2024-11-15_07:29:54,263.1,42.3,180.5,C11,5600mm,ASI120MM,'9/10','8/10',2024-11-15-0729_9-Jupiter_R656G620B632-RGB-WhtBal,1,2024-11-15-0729_9-Jupiter_R656G647B632-RGB-WhtBal,1,2024-11-15-0740_3-Jupiter_R685G550B450-RGB-ClrSmth-WhtBal-WV
20241118UTa,2024-11-18_03:17:18,223.2,340.9,119.8,C11,5600mm,ASI120MM,'9/10','8/10',2024-11-18-0317_4-Jupiter_R656G620B632-RGB-WhtBal,1,2024-11-18-0317_3-Jupiter_R656G647B632-RGB-WhtBal,1,2024-11-18-0327_8-Jupiter_R685G550B450-RGB-ClrSmth-WhtBal-WV
20241118UTb,2024-11-18_03:38:12,235.9,353.5,132.5,C11,5600mm,ASI120MM,'9/10','8/10',2024-11-18-0338_2-Jupiter_R656G620B632-RGB-WhtBal,1,2024-11-18-0338_2-Jupiter_R656G647B632-RGB-WhtBal,1,2024-11-18-0348_7-Jupiter_R685G550B450-RGB-ClrSmth-WhtBal-WV
20241118UTc,2024-11-18_03:59:12,248.7,6.2,145.2,C11,5600mm,ASI120MM,'9/10','8/10',2024-11-18-0359_2-Jupiter_R656G620B632-RGB-WhtBal,1,2024-11-18-0359_2-Jupiter_R656G647B632-RGB-WhtBal,1,2024-11-18-0409_6-Jupiter_R685G550B450-RGB-ClrSmth-WhtBal-WV
20241118UTd,2024-11-18_04:20:06,261.4,18.8,157.8,C11,5600mm,ASI120MM,'9/10','8/10',2024-11-18-0420_0-Jupiter_R656G620B632-RGB-WhtBal,1,2024-11-18-0420_1-Jupiter_R656G647B632-RGB-WhtBal,1,2024-11-18-0430_5-Jupiter_R685G550B450-RGB-ClrSmth-WhtBal-WV
20241118UTe,2024-11-18_04:41:00,274.2,31.5,170.4,C11,5600mm,ASI120MM,'9/10','8/10',2024-11-18-0441_0-Jupiter_R656G620B632-RGB-WhtBal,1,2024-11-18-0441_0-Jupiter_R656G647B632-RGB-WhtBal,1,2024-11-18-0451_4-Jupiter_R685G550B450-RGB-ClrSmth-WhtBal-WV
20241118UTf,2024-11-18_05:05:30,289.1,46.3,185.2,C11,5600mm,ASI120MM,'9/10','8/10',2024-11-18-0505_5-Jupiter_R656G620B632-RGB-WhtBal,1,2024-11-18-0505_5-Jupiter_R656G647B632-RGB-WhtBal,1,2024-11-18-0516_0-Jupiter_R685G550B450-RGB-ClrSmth-WhtBal-WV
20241118UTg,2024-11-18_05:26:24,301.9,58.9,197.9,C11,5600mm,ASI120MM,'9/10','8/10',2024-11-18-0526_5-Jupiter_R656G620B632-RGB-WhtBal,1,2024-11-18-0526_4-Jupiter_R656G647B632-RGB-WhtBal,1,2024-11-18-0536_9-Jupiter_R685G550B450-RGB-ClrSmth-WhtBal-WV
20241118UTh,2024-11-18_05:47:18,314.6,71.5,210.5,C11,5600mm,ASI120MM,'9/10','8/10',2024-11-18-0547_4-Jupiter_R656G620B632-RGB-WhtBal,1,2024-11-18-0547_3-Jupiter_R656G647B632-RGB-WhtBal,1,2024-11-18-0557_8-Jupiter_R685G550B450-RGB-ClrSmth-WhtBal-WV
20241118UTi,2024-11-18_06:08:18,327.4,84.2,223.2,C11,5600mm,ASI120MM,'9/10','8/10',2024-11-18-0608_3-Jupiter_R656G620B632-RGB-WhtBal,1,2024-11-18-0608_3-Jupiter_R656G647B632-RGB-WhtBal,1,2024-11-18-0618_7-Jupiter_R685G550B450-RGB-ClrSmth-WhtBal-WV
20241118UTj,2024-11-18_06:29:12,340.2,96.9,235.8,C11,5600mm,ASI120MM,'9/10','8/10',2024-11-18-0629_2-Jupiter_R656G620B632-RGB-WhtBal,1,2024-11-18-0629_2-Jupiter_R656G647B632-RGB-WhtBal,1,2024-11-18-0639_6-Jupiter_R685G550B450-RGB-ClrSmth-WhtBal-WV
20241118UTk,2024-11-18_06:50:06,352.9,109.5,248.5,C11,5600mm,ASI120MM,'9/10','8/10',2024-11-18-0650_1-Jupiter_R656G620B632-RGB-WhtBal,1,2024-11-18-0650_1-Jupiter_R656G647B632-RGB-WhtBal,1,2024-11-18-0700_6-Jupiter_R685G550B450-RGB-ClrSmth-WhtBal-WV
20241118UTl,2024-11-18_07:11:00,5.7,122.1,261.1,C11,5600mm,ASI120MM,'9/10','8/10',2024-11-18-0711_0-Jupiter_R656G620B632-RGB-WhtBal,1,2024-11-18-0711_0-Jupiter_R656G647B632-RGB-WhtBal,1,2024-11-18-0721_5-Jupiter_R685G550B450-RGB-ClrSmth-WhtBal-WV
20241118UTm,2024-11-18_07:31:54,18.4,134.8,273.8,C11,5600mm,ASI120MM,'9/10','8/10',2024-11-18-0731_9-Jupiter_R656G620B632-RGB-WhtBal,1,2024-11-18-0731_9-Jupiter_R656G647B632-RGB-WhtBal,1,2024-11-18-0742_4-Jupiter_R685G550B450-RGB-ClrSmth-WhtBal-WV
20241118UTn,2024-11-18_07:52:48,31.1,147.4,286.4,C11,5600mm,ASI120MM,'9/10','8/10',2024-11-18-0752_9-Jupiter_R656G620B632-RGB-WhtBal,1,2024-11-18-0752_8-Jupiter_R656G647B632-RGB-WhtBal,1,2024-11-18-0803_3-Jupiter_R685G550B450-RGB-ClrSmth-WhtBal-WV
20241118UTo,2024-11-18_08:13:48,43.9,160.1,299.1,C11,5600mm,ASI120MM,'9/10','8/10',2024-11-18-0813_8-Jupiter_R656G620B632-RGB-WhtBal,1,2024-11-18-0813_8-Jupiter_R656G647B632-RGB-WhtBal,1,2024-11-18-0824_2-Jupiter_R685G550B450-RGB-ClrSmth-WhtBal-WV
20241118UTp,2024-11-18_08:34:42,56.7,172.7,311.7,C11,5600mm,ASI120MM,'9/10','8/10',2024-11-18-0834_7-Jupiter_R656G620B632-RGB-WhtBal,1,2024-11-18-0834_7-Jupiter_R656G647B632-RGB-WhtBal,1,2024-11-18-0845_1-Jupiter_R685G550B450-RGB-ClrSmth-WhtBal-WV
20241128UTa,2024-11-28_03:17:00,3.4,44.8,186.4,C11,5600mm,ASI120MM,'9/10','8/10',2024-11-28-0316_9-Jupiter_R656G620B632-RGB-WhtBal,1,2024-11-28-0317_0-Jupiter_R656G647B632-RGB-WhtBal,1,2024-11-28-0327_4-Jupiter_R685G550B450-RGB-ClrSmth-WhtBal-WV
20241128UTb,2024-11-28_03:37:54,16.1,57.4,199.0,C11,5600mm,ASI120MM,'9/10','8/10',2024-11-28-0337_9-Jupiter_R656G620B632-RGB-WhtBal,1,2024-11-28-0337_9-Jupiter_R656G647B632-RGB-WhtBal,1,2024-11-28-0348_4-Jupiter_R685G550B450-RGB-ClrSmth-WhtBal-WV
20241128UTc,2024-11-28_03:58:48,28.9,70.0,211.7,C11,5600mm,ASI120MM,'9/10','8/10',2024-11-28-0358_8-Jupiter_R656G620B632-RGB-WhtBal,1,2024-11-28-0358_8-Jupiter_R656G647B632-RGB-WhtBal,1,2024-11-28-0409_3-Jupiter_R685G550B450-RGB-ClrSmth-WhtBal-WV
20241128UTd,2024-11-28_04:19:42,41.6,82.7,224.3,C11,5600mm,ASI120MM,'9/10','8/10',2024-11-28-0419_7-Jupiter_R656G620B632-RGB-WhtBal,1,2024-11-28-0419_7-Jupiter_R656G647B632-RGB-WhtBal,1,2024-11-28-0430_2-Jupiter_R685G550B450-RGB-ClrSmth-WhtBal-WV
20241128UTe,2024-11-28_04:40:36,54.3,95.3,236.9,C11,5600mm,ASI120MM,'9/10','8/10',2024-11-28-0440_6-Jupiter_R656G620B632-RGB-WhtBal,1,2024-11-28-0440_6-Jupiter_R656G647B632-RGB-WhtBal,1,2024-11-28-0451_1-Jupiter_R685G550B450-RGB-ClrSmth-WhtBal-WV
20241128UTf,2024-11-28_05:01:36,67.2,108.0,249.6,C11,5600mm,ASI120MM,'9/10','8/10',2024-11-28-0501_5-Jupiter_R656G620B632-RGB-WhtBal,1,2024-11-28-0501_6-Jupiter_R656G647B632-RGB-WhtBal,1,2024-11-28-0512_0-Jupiter_R685G550B450-RGB-ClrSmth-WhtBal-WV
20241128UTg,2024-11-28_05:22:30,79.9,120.6,262.3,C11,5600mm,ASI120MM,'9/10','8/10',2024-11-28-0522_5-Jupiter_R656G620B632-RGB-WhtBal,1,2024-11-28-0522_5-Jupiter_R656G647B632-RGB-WhtBal,1,2024-11-28-0533_0-Jupiter_R685G550B450-RGB-ClrSmth-WhtBal-WV
20241128UTh,2024-11-28_05:43:24,92.6,133.3,274.9,C11,5600mm,ASI120MM,'9/10','8/10',2024-11-28-0543_4-Jupiter_R656G620B632-RGB-WhtBal,1,2024-11-28-0543_4-Jupiter_R656G647B632-RGB-WhtBal,1,2024-11-28-0553_9-Jupiter_R685G550B450-RGB-ClrSmth-WhtBal-WV
20241128UTi,2024-11-28_06:04:18,105.4,145.9,287.6,C11,5600mm,ASI120MM,'9/10','8/10',2024-11-28-0604_3-Jupiter_R656G620B632-RGB-WhtBal,1,2024-11-28-0604_3-Jupiter_R656G647B632-RGB-WhtBal,1,2024-11-28-0614_8-Jupiter_R685G550B450-RGB-ClrSmth-WhtBal-WV
20241128UTj,2024-11-28_06:30:18,121.2,161.6,303.3,C11,5600mm,ASI120MM,'9/10','8/10',2024-11-28-0630_3-Jupiter_R656G620B632-RGB-WhtBal,1,2024-11-28-0630_3-Jupiter_R656G647B632-RGB-WhtBal,1,2024-11-28-0640_8-Jupiter_R685G550B450-RGB-ClrSmth-WhtBal-WV
20241128UTk,2024-11-28_06:51:12,134.0,174.3,315.9,C11,5600mm,ASI120MM,'9/10','8/10',2024-11-28-0651_2-Jupiter_R656G620B632-RGB-WhtBal,1,2024-11-28-0651_2-Jupiter_R656G647B632-RGB-WhtBal,1,2024-11-28-0701_7-Jupiter_R685G550B450-RGB-ClrSmth-WhtBal-WV
20241128UTl,2024-11-28_07:12:06,146.7,186.9,328.5,C11,5600mm,ASI120MM,'9/10','8/10',2024-11-28-0712_1-Jupiter_R656G620B632-RGB-WhtBal,1,2024-11-28-0712_1-Jupiter_R656G647B632-RGB-WhtBal,1,2024-11-28-0722_6-Jupiter_R685G550B450-RGB-ClrSmth-WhtBal-WV
20241128UTm,2024-11-28_07:33:06,159.5,199.6,341.2,C11,5600mm,ASI120MM,'9/10','8/10',2024-11-28-0733_0-Jupiter_R656G620B632-RGB-WhtBal,1,2024-11-28-0733_1-Jupiter_R656G647B632-RGB-WhtBal,1,2024-11-28-0743_6-Jupiter_R685G550B450-RGB-ClrSmth-WhtBal-WV
20241128UTn,2024-11-28_07:54:00,172.3,212.2,353.9,C11,5600mm,ASI120MM,'9/10','8/10',2024-11-28-0754_0-Jupiter_R656G620B632-RGB-WhtBal,1,2024-11-28-0754_0-Jupiter_R656G647B632-RGB-WhtBal,1,2024-11-28-0804_5-Jupiter_R685G5506450-RGB-ClrSmth-WhtBal-WV
20241128UTo,2024-11-28_08:12:36,183.6,223.5,5.1,C11,5600mm,ASI120MM,'9/10','8/10',2024-11-28-0812_6-Jupiter_R656G6206632-RGB-WhtBal,1,2024-11-28-0812_6-Jupiter_R656G6476632-RGB-WhtBal,1,2024-11-28-0804_5-Jupiter_R685G5506450-RGB-ClrSmth-WhtBal-WV
20241129UTa,2024-11-29_03:36:18,173.2,206.9,348.7,C11,5600mm,ASI120MM,'9/10','8/10',2024-11-29-0336_3-Jupiter_R656G620B632-RGB-WhtBal,1,2024-11-29-0336_3-Jupiter_R656G647B632-RGB-WhtBal,1,2024-11-29-0346_8-Jupiter_R685G550B450-RGB-ClrSmth-WhtBal-WV
20241129UTb,2024-11-29_03:56:54,185.7,219.3,1.2,C11,5600mm,ASI120MM,'9/10','8/10',2024-11-29-0357_2-Jupiter_R656G620B632-RGB-WhtBal,1,2024-11-29-0356_9-Jupiter_R656G647B632-RGB-WhtBal,1,2024-11-29-0407_7-Jupiter_R685G550B450-RGB-ClrSmth-WhtBal-WV
20241129UTc,2024-11-29_04:18:06,198.7,232.1,14.0,C11,5600mm,ASI120MM,'9/10','8/10',2024-11-29-0418_1-Jupiter_R656G620B632-RGB-WhtBal,1,2024-11-29-0418_1-Jupiter_R656G647B632-RGB-WhtBal,1,2024-11-29-0428_6-Jupiter_R685G550B450-RGB-ClrSmth-WhtBal-WV
20241129UTd,2024-11-29_04:39:00,211.4,244.8,26.7,C11,5600mm,ASI120MM,'9/10','8/10',2024-11-29-0439_0-Jupiter_R656G647B632-RGB-WhtBal,1,2024-11-29-0439_0-Jupiter_R656G647B632-RGB-WhtBal,1,2024-11-29-0449_5-Jupiter_R685G550B450-RGB-ClrSmth-WhtBal-WV
20241129UTe,2024-11-29_05:00:00,224.2,257.4,39.3,C11,5600mm,ASI120MM,'9/10','8/10',2024-11-29-0459_9-Jupiter_R656G620B632-RGB-WhtBal,1,2024-11-29-0500_0-Jupiter_R656G647B632-RGB-WhtBal,1,2024-11-29-0510_4-Jupiter_R685G550B450-RGB-ClrSmth-WhtBal-WV
20241129UTf,2024-11-29_05:20:54,237.0,270.1,52.0,C11,5600mm,ASI120MM,'9/10','8/10',2024-11-29-0520_9-Jupiter_R656G620B632-RGB-WhtBal,1,2024-11-29-0520_9-Jupiter_R656G647B632-RGB-WhtBal,1,2024-11-29-0531_4-Jupiter_R685G550B450-RGB-ClrSmth-WhtBal-WV
20241129UTg,2024-11-29_05:41:48,249.7,282.7,64.6,C11,5600mm,ASI120MM,'9/10','8/10',2024-11-29-0541_8-Jupiter_R656G620B632-RGB-WhtBal,1,2024-11-29-0541_8-Jupiter_R656G647B632-RGB-WhtBal,1,2024-11-29-0552_3-Jupiter_R685G550B450-RGB-ClrSmth-WhtBal-WV
20241129UTh,2024-11-29_06:02:42,262.5,295.3,77.3,C11,5600mm,ASI120MM,'9/10','8/10',2024-11-29-0602_8-Jupiter_R656G620B632-RGB-WhtBal,1,2024-11-29-0602_7-Jupiter_R656G647B632-RGB-WhtBal,1,2024-11-29-0613_2-Jupiter_R685G550B450-RGB-ClrSmth-WhtBal-WV
20241129UTi,2024-11-29_06:26:36,277.0,309.8,91.7,C11,5600mm,ASI120MM,'9/10','8/10',2024-11-29-0626_6-Jupiter_R656G620B632-RGB-WhtBal,1,2024-11-29-0626_6-Jupiter_R656G647B632-RGB-WhtBal,1,2024-11-29-0637_1-Jupiter_R685G550B450-RGB-ClrSmth-WhtBal-WV
20241129UTj,2024-11-29_06:47:36,289.8,322.5,104.4,C11,5600mm,ASI120MM,'9/10','8/10',2024-11-29-0647_6-Jupiter_R665G620B632-RGB-WhtBal,1,2024-11-29-0647_6-Jupiter_R665G647B632-RGB-WhtBal,1,2024-11-29-0658_1-Jupiter_R685G550B450-RGB-ClrSmth-WhtBal-WV
20241129UTk,2024-11-29_07:08:30,302.6,335.1,117.0,C11,5600mm,ASI120MM,'9/10','8/10',2024-11-29-0708_5-Jupiter_R656G620B632-RGB-WhtBal,1,2024-11-29-0708_5-Jupiter_R656G647B632-RGB-WhtBal,1,2024-11-29-0719_0-Jupiter_R686G550B450-RGB-ClrSmth-WhtBal-WV
20241129UTl,2024-11-29_07:29:24,315.3,347.8,129.7,C11,5600mm,ASI120MM,'9/10','8/10',2024-11-29-0729_4-Jupiter_R656G620B632-RGB-WhtBal,1,2024-11-29-0729_4-Jupiter_R656G647B632-RGB-WhtBal,1,2024-11-29-0739_9-Jupiter_R685G550B450-RGB-ClrSmth-WhtBal-WV
20241129UTm,2024-11-29_07:50:18,328.1,0.4,142.3,C11,5600mm,ASI120MM,'9/10','8/10',2024-11-29-0750_4-Jupiter_R656G620B632-RGB-WhtBal,1,2024-11-29-0750_3-Jupiter_R656G647B632-RGB_WhtBal,1,2024-11-29-0800_8-Jupiter_R685G550B450-RGB-ClrSmth-WhtBal-WV
20241129UTn,2024-11-29_08:11:18,340.9,13.1,155.0,C11,5600mm,ASI120MM,'9/10','8/10',2024-11-29-0811_3-Jupiter_R656G620B632-RGB-WhtBal,1,2024-11-29-0811_3-Jupiter_R656G647B632-RGB-WhtBal,1,2024-11-29-0800_8-Jupiter_R685G550B450-RGB-ClrSmth-WhtBal-WV
20241202UTa,2024-12-02_02:51:36,260.0,271.1,53.7,C11,5600mm,ASI120MM,'9/10','8/10',2024-12-02-0251_6-Jupiter_R656G620B632-RGB-WhtBal,1,2024-12-02-0251_6-Jupiter_R656G647B632-RGB-WhtBal,1,2024-12-02-0302_1-Jupiter_R685G550B450-RGB-ClrSmth-WhtBal-WV
20241202UTb,2024-12-02_03:12:30,272.8,283.7,66.4,C11,5600mm,ASI120MM,'9/10','8/10',2024-12-02-0312_5-Jupiter_R656G620B632-RGB-WhtBal,1,2024-12-02-0312_5-Jupiter_R656G647B632-RGB-WhtBal,1,2024-12-02-0323_0-Jupiter_R685G550B450-RGB-ClrSmth-WhtBal-WV
20241202UTc,2024-12-02_03:33:24,285.5,296.3,79.0,C11,5600mm,ASI120MM,'9/10','8/10',2024-12-02-0333_5-Jupiter_R656G620B632-RGB-WhtBal,1,2024-12-02-0333_4-Jupiter_R656G647B632-RGB-WhtBal,1,2024-12-02-0343_9-Jupiter_R685G550B450-RGB-ClrSmth-WhtBal-WV
20241202UTd,2024-12-02_03:55:48,299.2,309.9,92.6,C11,5600mm,ASI120MM,'9/10','8/10',2024-12-02-0355_8-Jupiter_R656G620B632-RGB-WhtBal,1,2024-12-02-0355_8-Jupiter_R656G647B632-RGB-WhtBal,1,2024-12-02-0406_2-Jupiter_R685G550B450-RGB-ClrSmth-WhtBal-WV
20241202UTe,2024-12-02_04:16:42,311.9,322.5,105.2,C11,5600mm,ASI120MM,'9/10','8/10',2024-12-02-0416_7-Jupiter_R656G620B632-RGB-WhtBal,1,2024-12-02-0416_7-Jupiter_R656G647B632-RGB-WhtBal,1,2024-12-02-0427_1-Jupiter_R685G550B450-RGB-ClrSmth-WhtBal-WV
20241202UTf,2024-12-02_04:37:36,324.7,335.1,117.8,C11,5600mm,ASI120MM,'9/10','8/10',2024-12-02-0437_6-Jupiter_R656G620B632-RGB-WhtBal,1,2024-12-02-0437_6-Jupiter_R656G647B632-RGB-WhtBal,1,2024-12-02-0448_1-Jupiter_R685G550B450-RGB-ClrSmth-WhtBal-WV
20241202UTg,2024-12-02_04:58:30,337.4,347.8,130.5,C11,5600mm,ASI120MM,'9/10','8/10',2024-12-02-0458_5-Jupiter_R656G620B632-RGB-WhtBal,1,2024-12-02-0458_5-Jupiter_R656G647B632-RGB-WhtBal,1,2024-12-02-0509_0-Jupiter_R685G550B450-RGB-ClrSmth-WhtBal-WV
20241202UTh,2024-12-02_05:19:24,350.2,0.4,143.1,C11,5600mm,ASI120MM,'9/10','8/10',2024-12-02-0519_4-Jupiter_R656G620B632-RGB-WhtBal,1,2024-12-02-0519_4-Jupiter_R656G647B632-RGB-WhtBal,1,2024-12-02-0529_9-Jupiter_R685G550B450-RGB-ClrSmth-WhtBal-WV
20241203UTa,2024-12-03_02:27:24,43.3,46.8,189.8,C11,5600mm,ASI120MM,'9/10','8/10',2024-12-03-0227_4-Jupiter_R656G620B632-RGB-WhtBal,1,2024-12-03-0227_4-Jupiter_R656G647B632-RGB-WhtBal,1,2024-12-03-0237_8-Jupiter_R685G550B450-RGB-ClrSmth-WhtBal-WV
20241203UTb,2024-12-03_02:48:18,56.1,59.5,202.4,C11,5600mm,ASI120MM,'9/10','8/10',2024-12-03-0248_3-Jupiter_R656G620B632-RGB-WhtBal,1,2024-12-03-0248_3-Jupiter_R656G647B632-RGB-WhtBal,1,2024-12-03-0258_8-Jupiter_R685G550B450-RGB-ClrSmth-WhtBal-WV
20241203UTc,2024-12-03_03:09:12,68.8,72.1,215.1,C11,5600mm,ASI120MM,'9/10','8/10',2024-12-03-0309_2-Jupiter_R656G620B632-RGB-WhtBal,1,2024-12-03-0309_2-Jupiter_R656G647B632-RGB-WhtBal,1,2024-12-03-0319_7-Jupiter_R685G550B450-RGB-ClrSmth-WhtBal-WV
20241203UTd,2024-12-03_03:30:06,81.6,84.7,227.7,C11,5600mm,ASI120MM,'9/10','8/10',2024-12-03-0330_1-Jupiter_R656G620B632-RGB-WhtBal,1,2024-12-03-0330_1-Jupiter_R656G647B632-RGB-WhtBal,1,2024-12-03-0340_6-Jupiter_R685G550B450-RGB-ClrSmth-WhtBal-WV
20241203UTe,2024-12-03_03:51:00,94.3,97.4,240.3,C11,5600mm,ASI120MM,'9/10','8/10',2024-12-03-0351_0-Jupiter_R656G620B632-RGB-WhtBal,1,2024-12-03-0351_0-Jupiter_R656G647B632-RGB-WhtBal,1,2024-12-03-0401_5-Jupiter_R685G550B450-RGB-ClrSmth-WhtBal-WV
20241203UTf,2024-12-03_04:20:30,112.3,115.2,258.2,C11,5600mm,ASI120MM,'9/10','8/10',2024-12-03-0420_5-Jupiter_R656G620B632-RGB-WhtBal,1,2024-12-03-0420_5-Jupiter_R656G647B632-RGB-WhtBal,1,2024-12-03-0428_6-Jupiter_R685G550B450-RGB-ClrSmth-WhtBal-WV
20241203UTg,2024-12-03_04:41:30,125.1,127.9,270.9,C11,5600mm,ASI120MM,'9/10','8/10',2024-12-03-0441_4-Jupiter_R656G620B632-RGB-WhtBal,1,2024-12-03-0441_5-Jupiter_R656G647B632-RGB-WhtBal,1,2024-12-03-0451_9-Jupiter_R685G550B450-RGB-ClrSmth-WhtBal-WV
20241203UTh,2024-12-03_05:02:24,137.8,140.5,283.5,C11,5600mm,ASI120MM,'9/10','8/10',2024-12-03-0502_4-Jupiter_R656G620B632-RGB-WhtBal,1,2024-12-03-0502_4-Jupiter_R656G647B632-RGB-WhtBal,1,2024-12-03-0512_8-Jupiter_R685G550B450-RGB-ClrSmth-WhtBal-WV
20241203UTi,2024-12-03_05:23:18,150.6,153.2,296.1,C11,5600mm,ASI120MM,'9/10','8/10',2024-12-03-0523_3-Jupiter_R656G620B632-RGB-WhtBal,1,2024-12-03-0523_3-Jupiter_R656G647B632-RGB-WhtBal,1,2024-12-03-0533_7-Jupiter_R685G550B450-RGB-ClrSmth-WhtBal-WV
20241203UTj,2024-12-03_05:44:12,163.3,165.8,308.8,C11,5600mm,ASI120MM,'9/10','8/10',2024-12-03-0544_2-Jupiter_R656G620B632-RGB-WhtBal,1,2024-12-03-0544_2-Jupiter_R656G647B632-RGB-WhtBal,1,2024-12-03-0554_7-Jupiter_R685G550B450-RGB-ClrSmth-WhtBal-WV
20241203UTk,2024-12-03_06:05:06,176.1,178.4,321.4,C11,5600mm,ASI120MM,'9/10','8/10',2024-12-03-0605_1-Jupiter_R656G620B632-RGB-WhtBal,1,2024-12-03-0605_1-Jupiter_R656G647B632-RGB-WhtBal,1,2024-12-03-0615_6-Jupiter_R685G550B450-RGB-ClrSmth-WhtBal-WV
20241203UTl,2024-12-03_06:26:00,188.8,191.1,334.1,C11,5600mm,ASI120MM,'9/10','8/10',2024-12-03-0626_0-Jupiter_R656G620B632-RGB-WhtBal,1,2024-12-03-0626_0-Jupiter_R656G647B632-RGB-WhtBal,1,2024-12-03-0636_5-Jupiter_R685G550B450-RGB-ClrSmth-WhtBal-WV
20241203UTm,2024-12-03_06:46:54,201.6,203.7,346.7,C11,5600mm,ASI120MM,'9/10','8/10',2024-12-03-0646_9-Jupiter_R656G620B632-RGB-WhtBal,1,2024-12-03-0646_9-Jupiter_R656G647B632-RGB-WhtBal,1,2024-12-03-0657_4-Jupiter_R685G550B450-RGB-ClrSmth-WhtBal-WV
20241203UTn,2024-12-03_07:07:48,214.3,216.3,359.3,C11,5600mm,ASI120MM,'9/10','8/10',2024-12-03-0707_8-Jupiter_R656G620B632-RGB-WhtBal,1,2024-12-03-0707_8-Jupiter_R656G647B632-RGB-WhtBal,1,2024-12-03-0718_3-Jupiter_R685G550B450-RGB-ClrSmth-WhtBal-WV
20241203UTo,2024-12-03_07:28:42,227.0,229.0,12.0,C11,5600mm,ASI120MM,'9/10','8/10',2024-12-03-0728_7-Jupiter_R656G620B632-RGB-WhtBal,1,2024-12-03-0728_7-Jupiter_R656G647B632-RGB-WhtBal,1,2024-12-03-0739_2-Jupiter_R685G550B450-RGB-ClrSmth-WhtBal-WV
20241203UTp,2024-12-03_07:49:42,239.9,241.7,24.7,C11,5600mm,ASI120MM,'9/10','8/10',2024-12-03-0749_7-Jupiter_R656G620B632-RGB-WhtBal,1,2024-12-03-0749_7-Jupiter_R656G647B632-RGB-WhtBal,1,2024-12-03-0800_1-Jupiter_R685G550B450-RGB-ClrSmth-WhtBal-WV
20241205UTa,2024-12-05_02:00:18,342.9,331.3,114.7,C11,5600mm,ASI120MM,'9/10','8/10',2024-12-05-0200_3-Jupiter_R656G620B632-RGB-WhtBal,1,2024-12-05-0200_3-Jupiter_R656G647B632-RGB-WhtBal,1,2024-12-05-0210_8-Jupiter_R685G550B450-RGB-ClrSmth-WhtBal-WV
20241205UTb,2024-12-05_02:21:12,355.6,343.9,127.4,C11,5600mm,ASI120MM,'9/10','8/10',2024-12-05-0221_3-Jupiter_R656G620B632-RGB-WhtBal,1,2024-12-05-0221_2-Jupiter_R656G647B632-RGB-WhtBal,1,2024-12-05-0231_7-Jupiter_R685G550B450-RGB-ClrSmth-WhtBal-WV
20241205UTc,2024-12-05_02:42:12,8.4,356.6,140.1,C11,5600mm,ASI120MM,'9/10','8/10',2024-12-05-0242_2-Jupiter_R656G620B632-RGB-WhtBal,1,2024-12-05-0242_2-Jupiter_R656G647B632-RGB-WhtBal,1,2024-12-05-0252_6-Jupiter_R685G550B450-RGB-ClrSmth-WhtBal-WV
20241205UTd,2024-12-05_03:03:06,21.2,9.2,152.7,C11,5600mm,ASI120MM,'9/10','8/10',2024-12-05-0303_1-Jupiter_R656G620B632-RGB-WhtBal,1,2024-12-05-0303_1-Jupiter_R656G647B632-RGB-WhtBal,1,2024-12-05-0313_5-Jupiter_R685G550B450-RGB-ClrSmth-WhtBal-WV
20241205UTe,2024-12-05_03:24:00,33.9,21.9,165.4,C11,5600mm,ASI120MM,'9/10','8/10',2024-12-05-0324_0-Jupiter_R656G620B632-RGB-WhtBal,1,2024-12-05-0324_0-Jupiter_R656G647B632-RGB-WhtBal,1,2024-12-05-0334_4-Jupiter_R685G550B450-RGB-ClrSmth-WhtBal-WV
20241205UTf,2024-12-05_03:44:54,46.7,34.5,178.0,C11,5600mm,ASI120MM,'9/10','8/10',2024-12-05-0344_9-Jupiter_R656G620B632-RGB-WhtBal,1,2024-12-05-0344_9-Jupiter_R656G647B632-RGB-WhtBal,1,2024-12-05-0355_3-Jupiter_R685G550B450-RGB-ClrSmth-WhtBal-WV
20241205UTg,2024-12-05_04:05:48,59.4,47.1,190.6,C11,5600mm,ASI120MM,'9/10','8/10',2024-12-05-0405_8-Jupiter_R656G620B632-RGB-WhtBal,1,2024-12-05-0405_8-Jupiter_R656G647B632-RGB-WhtBal,1,2024-12-05-0416_3-Jupiter_R685G550B450-RGB-ClrSmth-WhtBal-WV
20241205UTh,2024-12-05_04:50:30,86.7,74.2,217.7,C11,5600mm,ASI120MM,'9/10','8/10',2024-12-05-0450_5-Jupiter_R656G620B632-RGB-WhtBal,1,2024-12-05-0450_5-Jupiter_R656G647B632-RGB-WhtBal,1,2024-12-05-0458_6-Jupiter_R685G550B450-RGB-ClrSmth-WhtBal-WV
20241205UTi,2024-12-05_05:09:06,98.0,85.4,228.9,C11,5600mm,ASI120MM,'9/10','8/10',2024-12-05-0509_1-Jupiter_R656G620B632-RGB-WhtBal,1,2024-12-05-0509_1-Jupiter_R656G647B632-RGB-WhtBal,1,2024-12-05-0519_5-Jupiter_R685G550B450-RGB-ClrSmth-WhtBal-WV
20241205UTj,2024-12-05_05:30:00,110.7,98.0,241.5,C11,5600mm,ASI120MM,'9/10','8/10',2024-12-05-0530_0-Jupiter_R656G620B632-RGB-WhtBal,1,2024-12-05-0530_0-Jupiter_R656G647B632-RGB-WhtBal,1,2024-12-05-0540_5-Jupiter_R685G550B450-RGB-ClrSmth-WhtBal-WV
20241205UTk,2024-12-05_05:51:18,123.7,110.9,254.4,C11,5600mm,ASI120MM,'9/10','8/10',2024-12-05-0551_2-Jupiter_R656G620B632-RGB-WhtBal,1,2024-12-05-0551_3-Jupiter_R656G647B632-RGB-WhtBal,1,2024-12-05-0601_7-Jupiter_R685G550B450-RGB-ClrSmth-WhtBal-WV
20241205UTl,2024-12-05_06:17:54,140.0,127.0,270.5,C11,5600mm,ASI120MM,'9/10','8/10',2024-12-05-0617_9-Jupiter_R656G620B632-RGB-WhtBal,1,2024-12-05-0617_9-Jupiter_R656G647B632-RGB-WhtBal,1,2024-12-05-0628_4-Jupiter_R685G550B450-RGB-ClrSmth-WhtBal-WV
20241205UTm,2024-12-05_06:38:48,152.7,139.6,283.1,C11,5600mm,ASI120MM,'9/10','8/10',2024-12-05-0638_8-Jupiter_R656G620B632-RGB-WhtBal,1,2024-12-05-0638_8-Jupiter_R656G647B632-RGB-WhtBal,1,2024-12-05-0649_3-Jupiter_R685G550B450-RGB-ClrSmth-WhtBal-WV
20241205UTn,2024-12-05_06:59:42,165.4,152.3,295.8,C11,5600mm,ASI120MM,'9/10','8/10',2024-12-05-0659_7-Jupiter_R656G620B632-RGB-WhtBal,1,2024-12-05-0659_7-Jupiter_R656G647B632-RGB-WhtBal,1,2024-12-05-0710_2-Jupiter_R685G550B450-RGB-ClrSmth-WhtBal-WV
20241205UTo,2024-12-05_07:20:36,178.2,164.9,308.4,C11,5600mm,ASI120MM,'9/10','8/10',2024-12-05-0720_6-Jupiter_R656G620B632-RGB-WhtBal,1,2024-12-05-0720_6-Jupiter_R656G647B632-RGB-WhtBal,1,2024-12-05-0731_1-Jupiter_R685G550B450-RGB-ClrSmth-WhtBal-WV
20241205UTp,2024-12-05_07:41:30,190.9,177.5,321.0,C11,5600mm,ASI120MM,'9/10','8/10',2024-12-05-0741_5-Jupiter_R656G620B632-RGB-WhtBal,1,2024-12-05-0741_5-Jupiter_R656G647B632-RGB-WhtBal,1,2024-12-05-0752_0-Jupiter_R685G550B450-RGB-ClrSmth-WhtBal-WV
20241231UTa,2024-12-31_04:01:12,204.7,354.1,144.5,C11,5600mm,ASI120MM,'9/10','8/10',2024-12-31-0401_2-Jupiter_R656G620B632-RGB-WhtBal,1,2024-12-31-0401_2-Jupiter_R656G647B632-RGB-WhtBal,1,2024-12-31-0411_6-Jupiter_R685G550B450-RGB-ClrSmth-WhtBal-WV
20241231UTb,2024-12-31_04:22:06,217.5,6.8,157.2,C11,5600mm,ASI120MM,'9/10','8/10',2024-12-31-0422_1-Jupiter_R656G620B632-RGB-WhtBal,1,2024-12-31-0422_1-Jupiter_R656G647B632-RGB-WhtBal,1,2024-12-31-0432_5-Jupiter_R685G550B450-RGB-ClrSmth-WhtBal-WV
20241231UTc,2024-12-31_04:43:00,230.2,19.4,169.8,C11,5600mm,ASI120MM,'9/10','8/10',2024-12-31-0443_0-Jupiter_R656G620B632-RGB-WhtBal,1,2024-12-31-0443_0-Jupiter_R656G647B632-RGB-WhtBal,1,2024-12-31-0453_5-Jupiter_R685G550B450-RGB-ClrSmth-WhtBal-WV
20241231UTd,2024-12-31_05:03:54,243.0,32.0,182.4,C11,5600mm,ASI120MM,'9/10','8/10',2024-12-31-0503_9-Jupiter_R656G620B632-RGB-WhtBal,1,2024-12-31-0503_9-Jupiter_R656G647B632-RGB-WhtBal,1,2024-12-31-0514_4-Jupiter_R685G550B450-RGB-ClrSmth-WhtBal-WV
20250106UTa,2025-01-06_00:22:12,298.9,43.7,195.6,C11,5600mm,ASI120MM,'9/10','8/10',2025-01-06-0022_2-Jupiter_R656G620B632-RGB-WhtBal,1,2025-01-06-0022_2-Jupiter_R656G647B632-RGB-WhtBal,1,2025-01-06-0032_7-Jupiter_R685G550B450-RGB-ClrSmth-WhtBal-WV
20250106UTb,2025-01-06_00:43:06,311.7,56.3,208.3,C11,5600mm,ASI120MM,'9/10','8/10',2025-01-06-0043_1-Jupiter_R656G620B632-RGB-WhtBal,1,2025-01-06-0043_1-Jupiter_R656G647B632-RGB-WhtBal,1,2025-01-06-0053_6-Jupiter_R685G550B450-RGB-ClrSmth-WhtBal-WV
20250106UTc,2025-01-06_01:05:24,325.3,69.8,221.8,C11,5600mm,ASI120MM,'9/10','8/10',2025-01-06-0105_4-Jupiter_R656G620B632-RGB-WhtBal,1,2025-01-06-0105_4-Jupiter_R656G647B632-RGB-WhtBal,1,2025-01-06-0115_9-Jupiter_R685G550B450-RGB-ClrSmth-WhtBal-WV
20250106UTd,2025-01-06_01:26:18,338.0,82.4,234.4,C11,5600mm,ASI120MM,'9/10','8/10',2025-01-06-0126_3-Jupiter_R656G620B632-RGB-WhtBal,1,2025-01-06-0126_3-Jupiter_R656G647B632-RGB-WhtBal,1,2025-01-06-0136_8-Jupiter_R685G550B450-RGB-ClrSmth-WhtBal-WV
20250106UTe,2025-01-06_01:47:12,350.7,95.1,247.0,C11,5600mm,ASI120MM,'9/10','8/10',2025-01-06-0147_2-Jupiter_R656G620B632-RGB-WhtBal,1,2025-01-06-0147_2-Jupiter_R656G647B632-RGB-WhtBal,1,2025-01-06-0157_7-Jupiter_R685G550B450-RGB-ClrSmth-WhtBal-WV
20250106UTf,2025-01-06_02:08:06,3.5,107.7,259.7,C11,5600mm,ASI120MM,'9/10','8/10',2025-01-06-0208_1-Jupiter_R656G620B632-RGB-WhtBal,1,2025-01-06-0208_1-Jupiter_R656G647B632-RGB-WhtBal,1,2025-01-06-0218_6-Jupiter_R685G550B450-RGB-ClrSmth-WhtBal-WV
20250106UTg,2025-01-06_02:30:12,17.0,121.0,273.0,C11,5600mm,ASI120MM,'9/10','8/10',2025-01-06-0230_2-Jupiter_R656G620B632-RGB-WhtBal,1,2025-01-06-0230_2-Jupiter_R656G647B632-RGB-WhtBal,1,2025-01-06-0240_6-Jupiter_R685G550B450-RGB-ClrSmth-WhtBal-WV
20250106UTh,2025-01-06_02:52:24,30.5,134.5,286.4,C11,5600mm,ASI120MM,'9/10','8/10',2025-01-06-0252_4-Jupiter_R656G620B632-RGB-WhtBal,1,2025-01-06-0252_4-Jupiter_R656G647B632-RGB-WhtBal,1,2025-01-06-0302_9-Jupiter_R685G550B450-RGB-ClrSmth-WhtBal-WV
20250106UTi,2025-01-06_03:13:00,43.0,146.9,298.9,C11,5600mm,ASI120MM,'9/10','8/10',2025-01-06-0313_3-Jupiter_R656G620B632-RGB-WhtBal,1,2025-01-06-0313_0-Jupiter_R656G647B632-RGB-WhtBal,1,2025-01-06-0323_8-Jupiter_R685G550B450-RGB-ClrSmth-WhtBal-WV
20250106UTj,2025-01-06_03:34:12,56.0,159.7,311.7,C11,5600mm,ASI120MM,'9/10','8/10',2025-01-06-0334_2-Jupiter_R656G620B632-RGB-WhtBal,1,2025-01-06-0334_2-Jupiter_R656G647B632-RGB-WhtBal,1,2025-01-06-0344_7-Jupiter_R685G550B450-RGB-ClrSmth-WhtBal-WV
20250106UTk,2025-01-06_03:55:30,69.0,172.6,324.6,C11,5600mm,ASI120MM,'9/10','8/10',2025-01-06-0355_5-Jupiter_R656G620B632-RGB-WhtBal,1,2025-01-06-0355_5-Jupiter_R656G647B632-RGB-WhtBal,1,2025-01-06-0407_1-Jupiter_R685G550B450-RGB-ClrSmth-WhtBal-WV
20250106UTl,2025-01-06_04:17:36,82.4,186.0,338.0,C11,5600mm,ASI120MM,'9/10','8/10',2025-01-06-0417_6-Jupiter_R656G620B632-RGB-WhtBal,1,2025-01-06-0417_6-Jupiter_R656G647B632-RGB-WhtBal,1,2025-01-06-0428_1-Jupiter_R685G550B450-RGB-ClrSmth-WhtBal-WV
20250106UTm,2025-01-06_04:38:42,95.3,198.7,350.7,C11,5600mm,ASI120MM,'9/10','8/10',2025-01-06-0438_7-Jupiter_R656G620B632-RGB-WhtBal,1,2025-01-06-0438_7-Jupiter_R656G647B632-RGB-WhtBal,1,2025-01-06-0449_2-Jupiter_R685G550B450-RGB-ClrSmth-WhtBal-WV
20250106UTn,2025-01-06_05:10:54,114.9,218.2,10.2,C11,5600mm,ASI120MM,'9/10','8/10',2025-01-06-0510_8-Jupiter_R656G620B632-RGB-WhtBal,1,2025-01-06-0510_9-Jupiter_R656G647B632-RGB-WhtBal,1,2025-01-06-0518_9-Jupiter_R685G550B450-RGB-ClrSmth-WhtBal-WV
20250106UTo,2025-01-06_05:29:24,126.2,229.3,21.4,C11,5600mm,ASI120MM,'9/10','8/10',2025-01-06-0529_4-Jupiter_R656G620B632-RGB-WhtBal,1,2025-01-06-0529_4-Jupiter_R656G647B632-RGB-WhtBal,1,2025-01-06-0539_9-Jupiter_R685G550B450-RGB-ClrSmth-WhtBal-WV
20250106UTp,2025-01-06_05:50:18,139.0,242.0,34.0,C11,5600mm,ASI120MM,'9/10','8/10',2025-01-06-0550_3-Jupiter_R656G620B632-RGB-WhtBal,1,2025-01-06-0550_3-Jupiter_R656G647B632-RGB-WhtBal,1,2025-01-06-0600_8-Jupiter_R685G550B450-RGB-ClrSmth-WhtBal-WV
20250106UTq,2025-01-06_06:11:12,151.7,254.6,46.6,C11,5600mm,ASI120MM,'9/10','8/10',2025-01-06-0611_2-Jupiter_R656G620B632-RGB-WhtBal,1,2025-01-06-0611_2-Jupiter_R656G647B632-RGB-WhtBal,1,2025-01-06-0621_7-Jupiter_R685G550B450-RGB-ClrSmth-WhtBal-WV
20250106UTr,2025-01-06_06:32:12,164.5,267.3,59.3,C11,5600mm,ASI120MM,'9/10','8/10',2025-01-06-0632_1-Jupiter_R656G620B632-RGB-WhtBal,1,2025-01-06-0632_2-Jupiter_R656G647B632-RGB-WhtBal,1,2025-01-06-0642_6-Jupiter_R685G550B450-RGB-ClrSmth-WhtBal-WV
20250106UTs,2025-01-06_06:53:06,177.2,279.9,72.0,C11,5600mm,ASI120MM,'9/10','8/10',2025-01-06-0653_1-Jupiter_R656G620B632-RGB-WhtBal,1,2025-01-06-0653_1-Jupiter_R656G647B632-RGB-WhtBal,1,2025-01-06-0703_6-Jupiter_R685G550B450-RGB-ClrSmth-WhtBal-WV
20250106UTt,2025-01-06_07:14:00,190.0,292.6,84.6,C11,5600mm,ASI120MM,'9/10','8/10',2025-01-06-0714_0-Jupiter_R656G620B632-RGB-WhtBal,1,2025-01-06-0714_0-Jupiter_R656G647B632-RGB-WhtBal,1,2025-01-06-0724_5-Jupiter_R685G550B450-RGB-ClrSmth-WhtBal-WV
20250116UTa,2025-01-16_00:38:42,88.2,116.5,271.2,C11,5600mm,ASI120MM,'9/10','8/10',2025-01-16-0038_0-Jupiter_R656G620B632-RGB-WhtBal,1,2025-01-16-0038_7-Jupiter_R656G647B632-RGB-WhtBal,1,2025-01-16-0053_6-Jupiter_R685G550B450-RGB-ClrSmth-WhtBal-WV
20250116UTb,2025-01-16_01:04:00,103.6,131.8,286.5,C11,5600mm,ASI120MM,'9/10','8/10',2025-01-16-0104_0-Jupiter_R656G620B632-RGB-WhtBal,1,2025-01-16-0104_0-Jupiter_R656G647B632-RGB-WhtBal,1,2025-01-16-0114_5-Jupiter_R685G550B450-RGB-ClrSmth-WhtBal-WV
20250116UTc,2025-01-16_01:24:54,116.3,144.5,299.1,C11,5600mm,ASI120MM,'9/10','8/10',2025-01-16-0124_9-Jupiter_R656G620B632-RGB-WhtBal,1,2025-01-16-0124_9-Jupiter_R656G647B632-RGB-WhtBal,1,2025-01-16-0135_4-Jupiter_R685G550B450-RGB-ClrSmth-WhtBal-WV
20250116UTd,2025-01-16_01:45:48,129.1,157.1,311.7,C11,5600mm,ASI120MM,'9/10','8/10',2025-01-16-0145_8-Jupiter_R656G620B632-RGB-WhtBal,1,2025-01-16-0145_8-Jupiter_R656G647B632-RGB-WhtBal,1,2025-01-16-0156_3-Jupiter_R685G550B450-RGB-ClrSmth-WhtBal-WV
20250116UTe,2025-01-16_02:06:42,141.8,169.7,324.4,C11,5600mm,ASI120MM,'9/10','8/10',2025-01-16-0206_7-Jupiter_R656G620B632-RGB-WhtBal,1,2025-01-16-0206_7-Jupiter_R656G647B632-RGB-WhtBal,1,2025-01-16-0217_2-Jupiter_R685G550B450-RGB-ClrSmth-WhtBal-WV
20250116UTf,2025-01-16_02:27:36,154.5,182.4,337.0,C11,5600mm,ASI120MM,'9/10','8/10',2025-01-16-0227_6-Jupiter_R632G620B632-RGB-WhtBal,1,2025-01-16-0227_6-Jupiter_R632G647B632-RGB-WhtBal,1,2025-01-16-0238_1-Jupiter_R685G550B450-RGB-ClrSmth-WhtBal-WV
20250116UTg,2025-01-16_02:48:30,167.3,195.0,349.6,C11,5600mm,ASI120MM,'9/10','8/10',2025-01-16-0248_5-Jupiter_R656G620B632-RGB-WhtBal,1,2025-01-16-0248_5-Jupiter_R656G647B632-RGB-WhtBal,1,2025-01-16-0259_0-Jupiter_R685G550B450-RGB-ClrSmth-WhtBal-WV
20250116UTh,2025-01-16_03:11:12,181.1,208.7,3.3,C11,5600mm,ASI120MM,'9/10','8/10',2025-01-16-0311_2-Jupiter_R656G620B632-RGB-WhtBal,1,2025-01-16-0311_2-Jupiter_R656G647B632-RGB-WhtBal,1,2025-01-16-0321_7-Jupiter_R685G550B450-RGB-ClrSmth-WhtBal-WV
20250116UTi,2025-01-16_03:32:06,193.9,221.3,16.0,C11,5600mm,ASI120MM,'9/10','8/10',2025-01-16-0332_1-Jupiter_R656G620B632-RGB-WhtBal,1,2025-01-16-0332_1-Jupiter_R656G647B632-RGB-WhtBal,1,2025-01-16-0342_6-Jupiter_R685G550B450-RGB-ClrSmth-WhtBal-WV
20250116UTj,2025-01-16_03:54:30,207.5,234.9,29.5,C11,5600mm,ASI120MM,'9/10','8/10',2025-01-16-0354_5-Jupiter_R656G620B632-RGB-WhtBal,1,2025-01-16-0354_5-Jupiter_R656G647B632-RGB-WhtBal,1,2025-01-16-0404_9-Jupiter_R685G550B450-RGB-ClrSmth-WhtBal-WV
20250116UTk,2025-01-16_04:15:24,220.3,247.5,42.2,C11,5600mm,ASI120MM,'9/10','8/10',2025-01-16-0415_3-Jupiter_R656G620B632-RGB-WhtBal,1,2025-01-16-0415_4-Jupiter_R656G647B632-RGB-WhtBal,1,2025-01-16-0425_8-Jupiter_R685G550B450-RGB-ClrSmth-WhtBal-WV
20250116UTl,2025-01-16_04:48:24,240.4,267.4,62.1,C11,5600mm,ASI120MM,'9/10','8/10',2025-01-16-0448_4-Jupiter_R656G620B632-RGB-WhtBal,1,2025-01-16-0448_4-Jupiter_R656G647B632-RGB-WhtBal,1,2025-01-16-0458_9-Jupiter_R685G550B450-RGB-ClrSmth-WhtBal-WV
20250116UTm,2025-01-16_05:09:18,253.1,280.1,74.7,C11,5600mm,ASI120MM,'9/10','8/10',2025-01-16-0509_3-Jupiter_R656G620B632-RGB-WhtBal,1,2025-01-16-0509_3-Jupiter_R656G647B632-RGB-WhtBal,1,2025-01-16-0519_8-Jupiter_R685G550B450-RGB-ClrSmth-WhtBal-WV
20250116UTn,2025-01-16_05:30:12,265.9,292.7,87.4,C11,5600mm,ASI120MM,'9/10','8/10',2025-01-16-0530_2-Jupiter_R656G620B632-RGB-WhtBal,1,2025-01-16-0530_2-Jupiter_R656G647B632-RGB-WhtBal,1,2025-01-16-0540_7-Jupiter_R685G550B450-RGB-ClrSmth-WhtBal-WV
20250116UTo,2025-01-16_05:51:06,278.6,305.3,100.0,C11,5600mm,ASI120MM,'9/10','8/10',2025-01-16-0551_2-Jupiter_R656G620B632-RGB-WhtBal,1,2025-01-16-0551_1-Jupiter_R656G647B632-RGB-WhtBal,1,2025-01-16-0601_6-Jupiter_R685G550B450-RGB-ClrSmth-WhtBal-WV
20250116UTp,2025-01-16_06:12:06,291.4,318.0,112.7,C11,5600mm,ASI120MM,'9/10','8/10',2025-01-16-0612_0-Jupiter_R656G620B632-RGB-WhtBal,1,2025-01-16-0612_1-Jupiter_R656G647B632-RGB-WhtBal,1,2025-01-16-0622_5-Jupiter_R685G550B450-RGB-ClrSmth-WhtBal-WV
20250116UTq,2025-01-16_06:33:00,304.2,330.7,125.3,C11,5600mm,ASI120MM,'9/10','8/10',2025-01-16-0633_0-Jupiter_R656G620B632-RGB-WhtBal,1,2025-01-16-0633_0-Jupiter_R656G647B632-RGB-WhtBal,1,2025-01-16-0643_4-Jupiter_R685G550B450-RGB-ClrSmth-WhtBal-WV
20250116UTr,2025-01-16_06:53:54,316.9,343.3,138.0,C11,5600mm,ASI120MM,'9/10','8/10',2025-01-16-0653_9-Jupiter_R656G620B632-RGB-WhtBal,1,2025-01-16-0653_9-Jupiter_R656G647B632-RGB-WhtBal,1,2025-01-16-0704_4-Jupiter_R685G550B450-RGB-ClrSmth-WhtBal-WV
20250116UTs,2025-01-16_07:14:48,329.6,355.9,150.6,C11,5600mm,ASI120MM,'9/10','8/10',2025-01-16-0714_8-Jupiter_R656G620B632-RGB-WhtBal,1,2025-01-16-0714_8-Jupiter_R656G647B632-RGB-WhtBal,1,2025-01-16-0725_3-Jupiter_R685G550B450-RGB-ClrSmth-WhtBal-WV
20250116UTt,2025-01-16_07:35:42,342.4,8.6,163.2,C11,5600mm,ASI120MM,'9/10','8/10',2025-01-16-0735_7-Jupiter_R656G620B632-RGB-WhtBal,1,2025-01-16-0735_7-Jupiter_R656G647B632-RGB-WhtBal,1,2025-01-16-0746_2-Jupiter_R685G550B450-RGB-ClrSmth-WhtBal-WV
20250116UTu,2025-01-16_07:56:36,355.1,21.2,175.9,C11,5600mm,ASI120MM,'9/10','8/10',2025-01-16-0756_6-Jupiter_R656G620B632-RGB-WhtBal,1,2025-01-16-0756_6-Jupiter_R656G647B632-RGB-WhtBal,1,2025-01-16-0807_1-Jupiter_R685G550B450-RGB-ClrSmth-WhtBal-WV
20250117UTa,2025-01-17_00:43:36,249.0,269.8,64.6,C11,5600mm,ASI120MM,'9/10','8/10',2025-01-17-0043_6-Jupiter_R656G620B632-RGB-WhtBal,1,2025-01-17-0043_6-Jupiter_R656G647B632-RGB-WhtBal,1,2025-01-17-0054_1-Jupiter_R685G550B450-RGB-ClrSmth-WhtBal-WV
20250117UTb,2025-01-17_01:04:36,261.8,282.5,77.3,C11,5600mm,ASI120MM,'9/10','8/10',2025-01-17-0104_5-Jupiter_R656G620B632-RGB-WhtBal,1,2025-01-17-0104_6-Jupiter_R656G647B632-RGB-WhtBal,1,2025-01-17-0115_0-Jupiter_R685G550B450-RGB-ClrSmth-WhtBal-WV
20250117UTc,2025-01-17_01:25:30,274.6,295.1,90.0,C11,5600mm,ASI120MM,'9/10','8/10',2025-01-17-0125_4-Jupiter_R656G620B632-RGB-WhtBal,1,2025-01-17-0125_5-Jupiter_R656G647B632-RGB-WhtBal,1,2025-01-17-0135_9-Jupiter_R685G550B450-RGB-ClrSmth-WhtBal-WV-Artifact
20250117UTd,2025-01-17_01:46:24,287.3,307.7,102.6,C11,5600mm,ASI120MM,'9/10','8/10',2025-01-17-0146_3-Jupiter_R656G620B632-RGB-WhtBal,1,2025-01-17-0146_4-Jupiter_R656G647B632-RGB-WhtBal,1,2025-01-17-0156_8-Jupiter_R685G550B450-RGB-ClrSmth-WhtBal-WV
20250117UTe,2025-01-17_02:07:18,300.1,320.3,115.2,C11,5600mm,ASI120MM,'9/10','8/10',2025-01-17-0207_2-Jupiter_R656G620B632-RGB-WhtBal,1,2025-01-17-0207_3-Jupiter_R656G647B632-RGB-WhtBal,1,2025-01-17-0217_7-Jupiter_R685G550B450-RGB-ClrSmth-WhtBal-WV-Artifacts
20250117UTf,2025-01-17_02:28:12,312.8,333.0,127.9,C11,5600mm,ASI120MM,'9/10','8/10',2025-01-17-0228_2-Jupiter_R656G620B632-RGB-WhtBal,1,2025-01-17-0228_2-Jupiter_R656G647B632-RGB-WhtBal,1,2025-01-17-0238_6-Jupiter_R685G550B450-RGB-ClrSmth-WhtBal-WV
20250117UTg,2025-01-17_02:50:48,326.6,346.6,141.5,C11,5600mm,ASI120MM,'9/10','8/10',2025-01-17-0250_8-Jupiter_R656G620B632-RGB-WhtBal,1,2025-01-17-0250_8-Jupiter_R656G647B632-RGB-WhtBal,1,2025-01-17-0301_3-Jupiter_R685G550B450-RGB-ClrSmth-WhtBal-WV
20250117UTh,2025-01-17_03:11:42,339.3,359.3,154.2,C11,5600mm,ASI120MM,'9/10','8/10',2025-01-17-0311_7-Jupiter_R656G620B632-RGB-WhtBal,1,2025-01-17-0311_7-Jupiter_R656G647B632-RGB-WhtBal,1,2025-01-17-0322_2-Jupiter_R685G550B450-RGB-ClrSmth-WhtBal-WV
20250117UTi,2025-01-17_03:32:36,352.1,11.9,166.8,C11,5600mm,ASI120MM,'9/10','8/10',2025-01-17-0332_6-Jupiter_R656G620B632-RGB-WhtBal,1,2025-01-17-0332_6-Jupiter_R656G647B632-RGB-WhtBal,1,2025-01-17-0343_1-Jupiter_R685G550B450-RGB-ClrSmth-WhtBal-WV
20250117UTj,2025-01-17_03:53:30,4.8,24.5,179.5,C11,5600mm,ASI120MM,'9/10','8/10',2025-01-17-0353_5-Jupiter_R656G620B632-RGB-WhtBal,1,2025-01-17-0353_5-Jupiter_R656G647B632-RGB-WhtBal,1,2025-01-17-0404_0-Jupiter_R685G550B450-RGB-ClrSmth-WhtBal-WV
20250117UTk,2025-01-17_04:14:24,17.5,37.2,192.1,C11,5600mm,ASI120MM,'9/10','8/10',2025-01-17-0414_4-Jupiter_R656G620B632-RGB-WhtBal,1,2025-01-17-0414_4-Jupiter_R656G647B632-RGB-WhtBal,1,2025-01-17-0424_9-Jupiter_R685G550B450-RGB-ClrSmth-WhtBal-WV
20250117UTl,2025-01-17_04:52:36,40.8,60.2,215.2,C11,5600mm,ASI120MM,'9/10','8/10',2025-01-17-0452_6-Jupiter_R656G620B632-RGB-WhtBal,1,2025-01-17-0452_6-Jupiter_R656G647B632-RGB-WhtBal,1,2025-01-17-0500_7-Jupiter_R685G550B450-RGB-ClrSmth-WhtBal-WV
20250117UTm,2025-01-17_05:12:36,53.0,72.3,227.3,C11,5600mm,ASI120MM,'9/10','8/10',2025-01-17-0512_6-Jupiter_R656G620B632-RGB-WhtBal,1,2025-01-17-0512_6-Jupiter_R656G647B632-RGB-WhtBal,1,2025-01-17-0523_1-Jupiter_R685G550B450-RGB-ClrSmth-WhtBal-WV
20250117UTn,2025-01-17_05:33:30,65.8,85.0,239.9,C11,5600mm,ASI120MM,'9/10','8/10',2025-01-17-0533_6-Jupiter_R656G620B632-RGB-WhtBal,1,2025-01-17-0533_5-Jupiter_R656G647B632-RGB-WhtBal,1,2025-01-17-0544_0-Jupiter_R685G550B450-RGB-ClrSmth-WhtBal-WV
20250117UTo,2025-01-17_05:54:24,78.5,97.6,252.5,C11,5600mm,ASI120MM,'9/10','8/10',2025-01-17-0554_4-Jupiter_R656G620B632-RGB-WhtBal,1,2025-01-17-0554_4-Jupiter_R656G647B632-RGB-WhtBal,1,2025-01-17-0604_9-Jupiter_R685G550B450-RGB-ClrSmth-WhtBal-WV
20250117UTp,2025-01-17_06:15:24,91.3,110.3,265.2,C11,5600mm,ASI120MM,'9/10','8/10',2025-01-17-0615_3-Jupiter_R656G620B632-RGB-WhtBal,1,2025-01-17-0615_4-Jupiter_R656G647B632-RGB-WhtBal,1,2025-01-17-0625_9-Jupiter_R685G550B450-RGB-ClrSmth-WhtBal-WV
20250117UTq,2025-01-17_06:39:18,105.9,124.7,279.7,C11,5600mm,ASI120MM,'9/10','8/10',2025-01-17-0639_3-Jupiter_R656G620B632-RGB-WhtBal,1,2025-01-17-0639_3-Jupiter_R656G647B632-RGB-WhtBal,1,2025-01-17-0649_7-Jupiter_R685G550B450-RGB-ClrSmth-WhtBal-WV
20250117UTr,2025-01-17_07:00:12,118.6,137.4,292.3,C11,5600mm,ASI120MM,'9/10','8/10',2025-01-17-0700_2-Jupiter_R656G620B632-RGB-WhtBal,1,2025-01-17-0700_2-Jupiter_R656G647B632-RGB-WhtBal,1,2025-01-17-0710_7-Jupiter_R685G550B450-RGB-ClrSmth-WhtBal-WV
20250117UTs,2025-01-17_07:21:06,131.4,150.0,305.0,C11,5600mm,ASI120MM,'9/10','8/10',2025-01-17-0721_1-Jupiter_R656G620B632-RGB-WhtBal,1,2025-01-17-0721_1-Jupiter_R656G647B632-RGB-WhtBal,1,2025-01-17-0731_6-Jupiter_R685G550B450-RGB-ClrSmth-WhtBal-WV
20250117UTt,2025-01-17_07:42:00,144.1,162.6,317.6,C11,5600mm,ASI120MM,'9/10','8/10',2025-01-17-0742_0-Jupiter_R656G620B632-RGB-WhtBal,1,2025-01-17-0742_0-Jupiter_R656G647B632-RGB-WhtBal,1,2025-01-17-0752_5-Jupiter_R685G550B450-RGB-ClrSmth-WhtBal-WV
20250127UTa,2025-01-27_01:40:12,62.3,6.4,163.9,C11,5600mm,ASI120MM,'9/10','8/10',2025-01-27-0140_2-Jupiter_R656G620B632-RGB-WhtBal,1,2025-01-27-0140_2-Jupiter_R656G647B632-RGB-WhtBal,1,2025-01-27-0150_7-Jupiter_R685G550B450-RGB-ClrSmth-WhtBal-WV
20250127UTb,2025-01-27_02:01:06,75.0,19.0,176.6,C11,5600mm,ASI120MM,'9/10','8/10',2025-01-27-0201_1-Jupiter_R656G620B632-RGB-WhtBal,1,2025-01-27-0201_1-Jupiter_R656G647B632-RGB-WhtBal,1,2025-01-27-0211_6-Jupiter_R685G550B450-RGB-ClrSmth-WhtBal-WV
20250127UTc,2025-01-27_02:22:00,87.7,31.6,189.2,C11,5600mm,ASI120MM,'9/10','8/10',2025-01-27-0222_0-Jupiter_R656G620B632-RGB-WhtBal,1,2025-01-27-0222_0-Jupiter_R656G647B632-RGB-WhtBal,1,2025-01-27-0232_5-Jupiter_R685G550B450-RGB-ClrSmth-WhtBal-WV
20250127UTd,2025-01-27_02:43:00,100.5,44.3,201.9,C11,5600mm,ASI120MM,'9/10','8/10',2025-01-27-0243_0-Jupiter_R656G620B632-RGB-WhtBal,1,2025-01-27-0243_0-Jupiter_R656G647B632-RGB-WhtBal,1,2025-01-27-0253_4-Jupiter_R685G550B450-RGB-ClrSmth-WhtBal-WV
20250127UTe,2025-01-27_03:03:54,113.3,57.0,214.5,C11,5600mm,ASI120MM,'9/10','8/10',2025-01-27-0303_9-Jupiter_R656G620B632-RGB-WhtBal,1,2025-01-27-0303_9-Jupiter_R656G647B632-RGB-WhtBal,1,2025-01-27-0314_4-Jupiter_R685G550B450-RGB-ClrSmth-WhtBal-WV
20250127UTf,2025-01-27_03:24:48,126.0,69.6,227.2,C11,5600mm,ASI120MM,'9/10','8/10',2025-01-27-0324_8-Jupiter_R656G620B632-RGB-WhtBal,1,2025-01-27-0324_8-Jupiter_R656G647B632-RGB-WhtBal,1,2025-01-27-0335_3-Jupiter_R685G550B450-RGB-ClrSmth-WhtBal-WV
20250127UTg,2025-01-27_03:45:42,138.8,82.2,239.8,C11,5600mm,ASI120MM,'9/10','8/10',2025-01-27-0345_7-Jupiter_R656G620B632-RGB-WhtBal,1,2025-01-27-0345_7-Jupiter_R656G647B632-RGB-WhtBal,1,2025-01-27-0356_2-Jupiter_R685G550B450-RGB-ClrSmth-WhtBal-WV
20250127UTh,2025-01-27_04:21:18,160.5,103.7,261.3,C11,5600mm,ASI120MM,'9/10','8/10',2025-01-27-0421_3-Jupiter_R656G620B632-RGB-WhtBal,1,2025-01-27-0421_3-Jupiter_R656G647B632-RGB-WhtBal,1,2025-01-27-0431_8-Jupiter_R685G550B450-RGB-ClrSmth-WhtBal-WV
20250127UTi,2025-01-27_04:42:18,173.3,116.4,274.0,C11,5600mm,ASI120MM,'9/10','8/10',2025-01-27-0442_2-Jupiter_R656G620B632-RGB-WhtBal,1,2025-01-27-0442_3-Jupiter_R656G647B632-RGB-WhtBal,1,2025-01-27-0452_7-Jupiter_R685G550B450-RGB-ClrSmth-WhtBal-WV
20250127UTj,2025-01-27_05:03:12,186.0,129.1,286.7,C11,5600mm,ASI120MM,'9/10','8/10',2025-01-27-0503_2-Jupiter_R656G620B632-RGB-WhtBal,1,2025-01-27-0503_2-Jupiter_R656G647B632-RGB-WhtBal,1,2025-01-27-0513_7-Jupiter_R685G550B450-RGB-ClrSmth-WhtBal-WV
20250127UTk,2025-01-27_05:24:06,198.7,141.7,299.3,C11,5600mm,ASI120MM,'9/10','8/10',2025-01-27-0524_1-Jupiter_R656G620B632-RGB-WhtBal,1,2025-01-27-0524_1-Jupiter_R656G647B632-RGB-WhtBal,1,2025-01-27-0534_6-Jupiter_R685G550B450-RGB-ClrSmth-WhtBal-WV
20250127UTl,2025-01-27_05:45:00,211.5,154.3,311.9,C11,5600mm,ASI120MM,'9/10','8/10',2025-01-27-0545_0-Jupiter_R656G620B632-RGB-WhtBal,1,2025-01-27-0545_0-Jupiter_R656G647B632-RGB-WhtBal,1,2025-01-27-0555_5-Jupiter_R685G550B450-RGB-ClrSmth-WhtBal-WV
20250127UTm,2025-01-27_06:06:00,224.3,167.0,324.6,C11,5600mm,ASI120MM,'9/10','8/10',2025-01-27-0606_0-Jupiter_R656G620B632-RGB-WhtBal,1,2025-01-27-0606_0-Jupiter_R656G647B632-RGB-WhtBal,1,2025-01-27-0616_5-Jupiter_R685G550B450-RGB-ClrSmth-WhtBal-WV
20250127UTn,2025-01-27_06:26:54,237.0,179.6,337.3,C11,5600mm,ASI120MM,'9/10','8/10',2025-01-27-0626_9-Jupiter_R656G620B632-RGB-WhtBal,1,2025-01-27-0626_9-Jupiter_R656G647B632-RGB-WhtBal,1,2025-01-27-0637_4-Jupiter_R685G550B450-RGB-ClrSmth-WhtBal-WV-Artifacts
20250127UTo,2025-01-27_06:47:48,249.8,192.3,349.9,C11,5600mm,ASI120MM,'9/10','8/10',2025-01-27-0647_8-Jupiter_R656G620B632-RGB-WhtBal,1,2025-01-27-0647_8-Jupiter_R656G647B632-RGB-WhtBal,1,2025-01-27-0658_3-Jupiter_R685G550B450-RGB-ClrSmth-WhtBal-WV
20250127UTp,2025-01-27_07:08:48,262.6,205.0,2.6,C11,5600mm,ASI120MM,'9/10','8/10',2025-01-27-0708_8-Jupiter_R656G620B632-RGB-WhtBal,1,2025-01-27-0708_8-Jupiter_R656G647B632-RGB-WhtBal,1,2025-01-27-0719_3-Jupiter_R685G550B450-RGB-ClrSmth-WhtBal-Artifacts-WV
20250128UTa,2025-01-28_00:31:12,178.0,114.9,272.7,C11,5600mm,ASI120MM,'9/10','8/10',2025-01-28-0031_3-Jupiter_R656G620B632-RGB-WhtBal,1,2025-01-28-0031_2-Jupiter_R656G647B632-RGB-WhtBal,1,2025-01-28-0041_7-Jupiter_R685G550B450-RGB-ClrSmth-WhtBal-WV
20250128UTb,2025-01-28_00:52:06,190.8,127.5,285.4,C11,5600mm,ASI120MM,'9/10','8/10',2025-01-28-0052_2-Jupiter_R656G620B632-RGB-WhtBal,1,2025-01-28-0052_1-Jupiter_R656G647B632-RGB-WhtBal,1,2025-01-28-0102_6-Jupiter_R685G550B450-RGB-ClrSmth-WhtBal-WV
20250128UTc,2025-01-28_01:13:06,203.6,140.2,298.0,C11,5600mm,ASI120MM,'9/10','8/10',2025-01-28-0113_1-Jupiter_R656G620B632-RGB-WhtBal,1,2025-01-28-0113_1-Jupiter_R656G647B632-RGB-WhtBal,1,2025-01-28-0123_5-Jupiter_R685G550B450-RGB-ClrSmth-WhtBal-WV
20250128UTd,2025-01-28_01:36:30,217.8,154.4,312.2,C11,5600mm,ASI120MM,'9/10','8/10',2025-01-28-0136_5-Jupiter_R656G620B632-RGB-WhtBal,1,2025-01-28-0136_5-Jupiter_R656G647B632-RGB-WhtBal,1,2025-01-28-0146_9-Jupiter_R685G550B450-RGB-ClrSmth-WhtBal-WV
20250128UTe,2025-01-28_01:57:24,230.6,167.0,324.8,C11,5600mm,ASI120MM,'9/10','8/10',2025-01-28-0157_4-Jupiter_R656G620B632-RGB-WhtBal,1,2025-01-28-0157_4-Jupiter_R656G647B632-RGB-WhtBal,1,2025-01-28-0207_9-Jupiter_R685G550B450-RGB-ClrSmth-WhtBal-WV
20250128UTf,2025-01-28_02:18:18,243.3,179.6,337.5,C11,5600mm,ASI120MM,'9/10','8/10',2025-01-28-0218_3-Jupiter_R656G620B632-RGB-WhtBal,1,2025-01-28-0218_3-Jupiter_R656G647B632-RGB-WhtBal,1,2025-01-28-0228_8-Jupiter_R685G550B450-RGB-ClrSmth-WhtBal_WV
20250128UTg,2025-01-28_02:39:12,256.1,192.3,350.1,C11,5600mm,ASI120MM,'9/10','8/10',2025-01-28-0239_2-Jupiter_R656G620B632-RGB-WhtBal,1,2025-01-28-0239_2-Jupiter_R656G647B632-RGB-WhtBal,1,2025-01-28-0249_7-Jupiter_R685G550B450-RGB-ClrSmth-WhtBal-WV
20250128UTh,2025-01-28_03:00:06,268.8,204.9,2.7,C11,5600mm,ASI120MM,'9/10','8/10',2025-01-28-0300_1-Jupiter_R656G620B632-RGB-WhtBal,1,2025-01-28-0300_1-Jupiter_R656G647B632-RGB-WhtBal,1,2025-01-28-0310_6-Jupiter_R685G550B450-RGB-ClrSmth-WhtBal-WV
20250128UTi,2025-01-28_03:21:00,281.6,217.5,15.4,C11,5600mm,ASI120MM,'9/10','8/10',2025-01-28-0321_1-Jupiter_R656G620B632-RGB-WhtBal,1,2025-01-28-0321_0-Jupiter_R656G647B632-RGB-WhtBal,1,2025-01-28-0331_5-Jupiter_R685G550B450-RGB-ClrSmth-WhtBal-WV
20250128UTj,2025-01-28_03:44:06,295.6,231.5,29.3,C11,5600mm,ASI120MM,'9/10','8/10',2025-01-28-0344_0-Jupiter_R656G620B632-RGB-WhtBal,1,2025-01-28-0344_1-Jupiter_R656G647B632-RGB-WhtBal,1,2025-01-28-0354_5-Jupiter_R685G550B450-RGB-ClrSmth-WhtBal-WV
20250128UTk,2025-01-28_04:18:36,316.7,252.3,50.2,C11,5600mm,ASI120MM,'9/10','8/10',2025-01-28-0418_6-Jupiter_R656G620B632-RGB-WhtBal,1,2025-01-28-0418_6-Jupiter_R656G647B632-RGB-WhtBal,1,2025-01-28-0429_1-Jupiter_R685G550B450-RGB-ClrSmth-WhtBal-WV
20250128UTl,2025-01-28_04:39:36,329.5,265.0,62.9,C11,5600mm,ASI120MM,'9/10','8/10',2025-01-28-0439_5-Jupiter_R656G620B632-RGB-WhtBal,1,2025-01-28-0439_6-Jupiter_R656G647B632-RGB-WhtBal,1,2025-01-28-0450_0-Jupiter_R685G550B450-RGB-ClrSmth-WhtBal-WV
20250128UTm,2025-01-28_05:00:30,342.2,277.7,75.5,C11,5600mm,ASI120MM,'9/10','8/10',2025-01-28-0500_5-Jupiter_R656G620B632-RGB-WhtBal,1,2025-01-28-0500_5-Jupiter_R656G647B632-RGB-WhtBal,1,2025-01-28-0510_9-Jupiter_R685G550B450-RGB-ClrSmth-WhtBal-WV
20250128UTn,2025-01-28_05:21:24,355.0,290.3,88.1,C11,5600mm,ASI120MM,'9/10','8/10',2025-01-28-0521_4-Jupiter_R656G620B632-RGB-WhtBal,1,2025-01-28-0521_4-Jupiter_R656G647B632-RGB-WhtBal,1,2025-01-28-0531_9-Jupiter_R685G550B450-RGB-ClrSmth-WhtBal_WV
20250128UTo,2025-01-28_05:42:18,7.7,302.9,100.8,C11,5600mm,ASI120MM,'9/10','8/10',2025-01-28-0542_3-Jupiter_R656G620B632-RGB-WhtBal,1,2025-01-28-0542_3-Jupiter_R656G647B632-RGB-WhtBal,1,2025-01-28-0552_8-Jupiter_R685G550B450-RGB-ClrSmth-WhtBal-WV
20250128UTp,2025-01-28_06:03:12,20.4,315.5,113.4,C11,5600mm,ASI120MM,'9/10','8/10',2025-01-28-0603_2-Jupiter_R656G620B632-RGB-WhtBal,1,2025-01-28-0603_2-Jupiter_R656G647B632-RGB-WhtBal,1,2025-01-28-0613_7-Jupiter_R685G550B450-RGB-ClrSmth-WhtBal-WV
20250128UTq,2025-01-28_06:24:06,33.2,328.2,126.0,C11,5600mm,ASI120MM,'9/10','8/10',2025-01-28-0624_1-Jupiter_R656G620B632-RGB-WhtBal,1,2025-01-28-0624_1-Jupiter_R656G647B632-RGB-WhtBal,1,2025-01-28-0634_6-Jupiter_R685G550B450-RGB-ClrSmth-WhtBal-WV
20250128UTr,2025-01-28_06:45:00,45.9,340.8,138.7,C11,5600mm,ASI120MM,'9/10','8/10',2025-01-28-0645_1-Jupiter_R656G620B632-RGB-WhtBal,1,2025-01-28-0645_0-Jupiter_R656G647B632-RGB-WhtBal,1,2025-01-28-0655_5-Jupiter_R685G550B450-RGB-ClrSmth-WhtBal-WV
20250128UTrFltBkg,2025-01-28_06:45:00,45.9,340.8,138.7,C11,5600mm,ASI120MM,'9/10','8/10',2025-01-28-0645_1-Jupiter_R656G620B632-RGB-WhtBal-FltBkg,1,2025-01-28-0645_0-Jupiter_R656G647B632-RGB-WhtBal-FltBkg,1,2025-01-28-0655_5-Jupiter_R685G550B450-RGB-ClrSmth-WhtBal-WV
20250128UTs,2025-01-28_07:05:54,58.7,353.4,151.3,C11,5600mm,ASI120MM,'9/10','8/10',2025-01-28-0705_9-Jupiter_R656G620B632-RGB-WhtBal,1,2025-01-28-0705_9-Jupiter_R656G647B632-RGB-WhtBal,1,2025-01-28-0716_4-Jupiter_R685G550B450-RGB-ClrSmth-WhtBal-WV
20250128UTsReAl,2025-01-28_07:05:54,58.7,353.4,151.3,C11,5600mm,ASI120MM,'9/10','8/10',2025-01-28-0705_9-Jupiter_R656G620B632-RGB-WhtBal,1,2025-01-28-0705_9-Jupiter_R656G647B632-RGB-WhtBal-Realigned647,1,2025-01-28-0716_4-Jupiter_R685G550B450-RGB-ClrSmth-WhtBal-WV
20250129UTa,2025-01-29_00:20:06,329.1,258.4,56.5,C11,5600mm,ASI120MM,'9/10','8/10',2025-01-29-0020_2-Jupiter_R656G620B632-RGB-WhtBal,1,2025-01-29-0020_1-Jupiter_R656G647B632-RGB-WhtBal,1,2025-01-29-0030_6-Jupiter_R685G550B450-RGB-ClrSmth-WhtBal-WV
20250129UTb,2025-01-29_00:41:06,341.9,271.1,69.2,C11,5600mm,ASI120MM,'9/10','8/10',2025-01-29-0041_0-Jupiter_R656G620B632-RGB-WhtBal,1,2025-01-29-0041_1-Jupiter_R656G647B632-RGB-WhtBal,1,2025-01-29-0051_5-Jupiter_R685G550B450-RGB-ClrSmth-WhtBal-WV
20250129UTc,2025-01-29_01:03:00,355.3,284.3,82.4,C11,5600mm,ASI120MM,'9/10','8/10',2025-01-29-0103_0-Jupiter_R656G620B632-RGB-WhtBal,1,2025-01-29-0103_0-Jupiter_R656G647B632-RGB-WhtBal,1,2025-01-29-0113_5-Jupiter_R685G550B450-RGB-ClrSmth-WhtBal-WV
20250129UTd,2025-01-29_01:23:54,8.0,297.0,95.1,C11,5600mm,ASI120MM,'9/10','8/10',2025-01-29-0123_9-Jupiter_R656G620B632-RGB-WhtBal,1,2025-01-29-0123_9-Jupiter_R656G647B632-RGB-WhtBal,1,2025-01-29-0134_4-Jupiter_R685G550B450-RGB-ClrSmth-WhtBal-WV
20250129UTe,2025-01-29_01:44:54,20.8,309.7,107.8,C11,5600mm,ASI120MM,'9/10','8/10',2025-01-29-0144_8-Jupiter_R656G620B632-RGB-WhtBal,1,2025-01-29-0144_9-Jupiter_R656G647B632-RGB-WhtBal,1,2025-01-29-0155_3-Jupiter_R685G550B450-RGB-ClrSmth-WhtBal-WV
20250129UTf,2025-01-29_02:05:48,33.6,322.3,120.4,C11,5600mm,ASI120MM,'9/10','8/10',2025-01-29-0205_7-Jupiter_R656G620B632-RGB-WhtBal,1,2025-01-29-0205_8-Jupiter_R656G647B632-RGB-WhtBal,1,2025-01-29-0216_2-Jupiter_R685G550B450-RGB-ClrSmth-WhtBal-WV
20250129UTg,2025-01-29_02:27:36,46.8,335.5,133.6,C11,5600mm,ASI120MM,'9/10','8/10',2025-01-29-0227_6-Jupiter_R656G620B632-RGB-WhtBal,1,2025-01-29-0227_6-Jupiter_R656G647B632-RGB-WhtBal,1,2025-01-29-0238_0-Jupiter_R685G550B450-RGB-ClrSmth-WhtBal-WV
20250129UTh,2025-01-29_02:48:30,59.6,348.1,146.2,C11,5600mm,ASI120MM,'9/10','8/10',2025-01-29-0248_5-Jupiter_R656G620B632-RGB-WhtBal,1,2025-01-29-0248_5-Jupiter_R656G647B632-RGB-WhtBal,1,2025-01-29-0258_9-Jupiter_R685G550B450-RGB-ClrSmth-WhtBal-WV
20250129UTi,2025-01-29_03:09:24,72.3,0.7,158.8,C11,5600mm,ASI120MM,'9/10','8/10',2025-01-29-0309_4-Jupiter_R685G620B632-RGB-WhtBal,1,2025-01-29-0309_4-Jupiter_R685G647B632-RGB-WhtBal,1,2025-01-29-0319_8-Jupiter_R685G550B450-RGB-ClrSmth-WhtBal-WV
20250129UTj,2025-01-29_03:30:18,85.1,13.4,171.5,C11,5600mm,ASI120MM,'9/10','8/10',2025-01-29-0330_3-Jupiter_R656G620B632-RGB-WhtBal,1,2025-01-29-0330_3-Jupiter_R656G647B632-RGB-WhtBal,1,2025-01-29-0340_8-Jupiter_R685G550B450-RGB-ClrSmth-WhtBal-WV
20250129UTk,2025-01-29_03:59:06,102.6,30.8,188.9,C11,5600mm,ASI120MM,'9/10','8/10',2025-01-29-0359_0-Jupiter_R656G620B632-RGB-WhtBal,1,2025-01-29-0359_1-Jupiter_R656G647B632-RGB-WhtBal,1,2025-01-29-0409_5-Jupiter_R685G550B450-RGB-ClrSmth-WhtBal-WV
20250129UTl,2025-01-29_04:20:00,115.4,43.4,201.5,C11,5600mm,ASI120MM,'9/10','8/10',2025-01-29-0420_0-Jupiter_R656G620B632-RGB-WhtBal,1,2025-01-29-0420_0-Jupiter_R656G647B632-RGB-WhtBal,1,2025-01-29-0430_4-Jupiter_R685G550B450-RGB-ClrSmth-WhtBal-WV
20250129UTm,2025-01-29_04:40:54,128.1,56.0,214.1,C11,5600mm,ASI120MM,'9/10','8/10',2025-01-29-0440_9-Jupiter_R656G620B632-RGB-WhtBal,1,2025-01-29-0440_9-Jupiter_R656G647B632-RGB-WhtBal,1,2025-01-29-0451_3-Jupiter_R685G550B450-RGB-ClrSmth-WhtBal-WV
20250129UTn,2025-01-29_05:05:00,142.8,70.6,228.7,C11,5600mm,ASI120MM,'9/10','8/10',2025-01-29-0505_0-Jupiter_R656G620B632-RGB-WhtBal,1,2025-01-29-0505_0-Jupiter_R656G647B632-RGB-WhtBal,1,2025-01-29-0515_5-Jupiter_R685G550B450-RGB-ClrSmth-WhtBal-WV
20250129UTo,2025-01-29_05:25:54,155.5,83.2,241.3,C11,5600mm,ASI120MM,'9/10','8/10',2025-01-29-0526_0-Jupiter_R656G620B632-RGB-WhtBal,1,2025-01-29-0525_9-Jupiter_R656G647B632-RGB-WhtBal,1,2025-01-29-0536_4-Jupiter_R685G550B450-RGB-ClrSmth-WhtBal-WV
20250129UTp,2025-01-29_05:46:54,168.3,95.9,254.0,C11,5600mm,ASI120MM,'9/10','8/10',2025-01-29-0546_9-Jupiter_R656G620B632-RGB-WhtBal,1,2025-01-29-0546_9-Jupiter_R656G647B632-RGB-WhtBal,1,2025-01-29-0557_3-Jupiter_R685G550B450-RGB-ClrSmth-WhtBal-WV
20250129UTq,2025-01-29_06:07:48,181.1,108.5,266.7,C11,5600mm,ASI120MM,'9/10','8/10',2025-01-29-0607_8-Jupiter_R656G620B632-RGB-WhtBal,1,2025-01-29-0607_8-Jupiter_R656G647B632-RGB-WhtBal,1,2025-01-29-0618_2-Jupiter_R685G550B450-RGB-ClrSmth-WhtBal-WV
20250129UTr,2025-01-29_06:28:42,193.8,121.2,279.3,C11,5600mm,ASI120MM,'9/10','8/10',2025-01-29-0628_7-Jupiter_R656G620B632-RGB-WhtBal,1,2025-01-29-0628_7-Jupiter_R656G647B632-RGB-WhtBal,1,2025-01-29-0639_2-Jupiter_R685G550B450-RGB-ClrSmth-WhtBal-WV
20250129UTs,2025-01-29_06:49:36,206.6,133.8,291.9,C11,5600mm,ASI120MM,'9/10','8/10',2025-01-29-0649_6-Jupiter_R656G620B632-RGB-WhtBal,1,2025-01-29-0649_6-Jupiter_R656G647B632-RGB-WhtBal,1,2025-01-29-0700_1-Jupiter_R685G550B450-RGB-ClrSmth-WhtBal-WV
20250302UTa,2025-03-02_01:59:06,38.6,83.2,249.8,C11,5600mm,ASI120MM,'9/10','8/10',2025-03-02-0159_1-Jupiter_R656G620B632-RGB-WhtBal,1,2025-03-02-0159_1-Jupiter_R656G647B632-RGB-WhtBal,1,2025-03-02-0209_6-Jupiter_R685G550B450-RGB-ClrSmth-WhtBal-WV
20250302UTb,2025-03-02_02:20:00,51.3,95.9,262.5,C11,5600mm,ASI120MM,'9/10','8/10',2025-03-02-0220_0-Jupiter_R656G620B632-RGB-WhtBal,1,2025-03-02-0220_0-Jupiter_R656G647B632-RGB-WhtBal,1,2025-03-02-0230_5-Jupiter_R685G550B450-RGB-ClrSmth-WhtBal-WV
20250302UTc,2025-03-02_02:40:54,64.1,108.5,275.1,C11,5600mm,ASI120MM,'9/10','8/10',2025-03-02-0240_9-Jupiter_R656G620B632-RGB-WhtBal,1,2025-03-02-0240_9-Jupiter_R656G647B632-RGB-WhtBal,1,2025-03-02-0251_4-Jupiter_R685G550B450-RGB-ClrSmth-WhtBal-WV
20250302UTd,2025-03-02_03:06:48,79.9,124.1,290.8,C11,5600mm,ASI120MM,'9/10','8/10',2025-03-02-0306_8-Jupiter_R656G620B632-RGB-WhtBal,1,2025-03-02-0306_8-Jupiter_R656G647B632-RGB-WhtBal,1,2025-03-02-0317_3-Jupiter_R685G550B450-RGB-ClrSmth-WhtBal-WV
20250302UTe,2025-03-02_03:32:00,95.2,139.4,306.0,C11,5600mm,ASI120MM,'9/10','8/10',2025-03-02-0332_0-Jupiter_R656G620B632-RGB-WhtBal,1,2025-03-02-0332_0-Jupiter_R656G647B632-RGB-WhtBal,1,2025-03-02-0342_4-Jupiter_R685G550B450-RGB-ClrSmth-WhtBal-WV
20250302UTf,2025-03-02_03:52:54,108.0,152.0,318.6,C11,5600mm,ASI120MM,'9/10','8/10',2025-03-02-0352_9-Jupiter_R656G620B632-RGB-WhtBal,1,2025-03-02-0352_9-Jupiter_R656G647B632-RGB-WhtBal,1,2025-03-02-0403_3-Jupiter_R685G550B450-RGB-ClrSmth-WhtBal-WV
20250302UTg,2025-03-02_04:13:48,120.7,164.6,331.3,C11,5600mm,ASI120MM,'9/10','8/10',2025-03-02-0413_8-Jupiter_R656G620B632-RGB-WhtBal,1,2025-03-02-0413_8-Jupiter_R656G647B632-RGB-WhtBal,1,2025-03-02-0424_2-Jupiter_R685G550B450-RGB-ClrSmth-WhtBal-WV
20250302UTh,2025-03-02_04:38:06,135.5,179.3,345.9,C11,5600mm,ASI120MM,'9/10','8/10',2025-03-02-0438_1-Jupiter_R656G620B632-RGB-WhtBal,1,2025-03-02-0438_1-Jupiter_R656G647B632-RGB-WhtBal,1,2025-03-02-0448_6-Jupiter_R685G550B450-RGB-ClrSmth-WhtBal-WV
20250302UTi,2025-03-02_04:59:00,148.3,191.9,358.6,C11,5600mm,ASI120MM,'9/10','8/10',2025-03-02-0459_0-Jupiter_R656G620B632-RGB-WhtBal,1,2025-03-02-0459_0-Jupiter_R656G647B632-RGB-WhtBal,1,2025-03-02-0509_4-Jupiter_R685G550B450-RGB-ClrSmth-WhtBal-WV
