Tag,label,jd_time,fits_time,area,eccentricity,centroid_lat,centroid_lon,weighted_centroid_lat_seg,weighted_centroid_lon_seg,seg_intensity_mean,seg_intensity_min,seg_intensity_max,intensity_mean,intensity_min,intensity_max,Threshold,HW,Boxcar,Fit
,1,2460590.392,2024-10-06T21:25:00.000,5,0.612372436,-4.4,29,-4.401157042,29.00013762,1958.009973,1951.546763,1973.778241,112.7156374,109.0065948,118.1610649,,,,
3,2,2460593.994,2024-10-10T11:51:00.000,41,0.631023557,12.19512195,124.3170732,12.20249658,124.3187571,1971.716325,1951.170488,2008.128354,79.68963282,59.70102721,108.6268163,,,,
,3,2460593.994,2024-10-10T11:51:00.000,46,0.851559662,-11.58695652,129.4782609,-11.5868581,129.4804663,1969.106709,1952.134572,1993.96434,112.0699627,99.46946292,118.2935529,,,,
,4,2460592.664,2024-10-09T03:56:06.000,2,1,0,170.5,0,170.5009043,1954.084901,1950.550861,1957.618942,126.6700321,124.0694326,129.2706315,,,,
,5,2460592.497,2024-10-08T23:55:22.500,163,0.977332863,-11.6993865,175.7300613,-11.71218003,175.7065776,1990.055834,1951.381205,2037.345909,113.800053,102.3934999,125.1927685,,,,
,6,2460591.995,2024-10-08T11:53:12.000,1,0,-13,195,-13,195,1950.610701,1950.610701,1950.610701,114.3393647,114.3393647,114.3393647,,,,
,7,2460591.995,2024-10-08T11:53:12.000,2,1,-13,198.5,-13,198.5007485,1953.489932,1950.565707,1956.414158,115.5690331,115.4481777,115.6898884,,,,
,8,2460591.995,2024-10-08T11:53:12.000,1,0,6,199,6,199,1951.121836,1951.121836,1951.121836,146.3746552,146.3746552,146.3746552,,,,
,9,2460591.995,2024-10-08T11:53:12.000,4,0.912870929,-12.75,201.25,-12.74907182,201.2510102,1959.160753,1952.323499,1967.077672,115.3252537,112.2590902,119.914564,,,,
,10,0,-04713-11-24T12:00:00.000,6,0.487950036,-5.666666667,297.8333333,-5.665973777,297.8277833,1980.68195,1956.012472,2018.391821,143.1180049,140.40708,145.9784961,,,,
,11,2460593.001,2024-10-09T12:02:09.000,16,0.986392681,14.6875,334.3125,14.69128662,334.318407,1982.672296,1950.48442,2043.120153,49.69687288,42.48517036,54.200536,,,,
,12,2460593.001,2024-10-09T12:02:09.000,554,0.960040065,-6.662454874,337.8231047,-6.610747325,337.8844698,2011.733481,1950.098876,2130.285534,125.4360454,88.3994132,152.552476,,,,
,1,2460610.766,2024-10-27T06:22:44.400,3,0.816496581,-13.33333333,100.3333333,-13.33247785,100.3336567,1955.306,1950.287797,1958.427201,92.96540753,91.59427374,95.00485317,,,,
,2,2460610.8,2024-10-27T07:11:27.857,7,0.952173478,14.71428571,130.1428571,14.71441664,130.1421988,1953.730484,1950.591832,1961.172042,79.98395085,76.52547693,84.64338122,,,,
,3,2460610.812,2024-10-27T07:29:15.000,1,0,15,135,15,135,1952.065011,1952.065011,1952.065011,81.84231009,81.84231009,81.84231009,,,,
,4,2460610.812,2024-10-27T07:29:15.000,2,1,14.5,141,14.50230231,141,1961.974048,1952.939916,1971.00818,85.49975356,82.68262314,88.31688399,,,,
,5,2460610.812,2024-10-27T07:29:15.000,2,1,12,144.5,12,144.4996427,1951.497036,1950.102392,1952.89168,96.90537527,94.46243073,99.34831981,,,,
,6,2460610.832,2024-10-27T07:57:27.600,1,0,15,158,15,158,1955.84017,1955.84017,1955.84017,76.26908332,76.26908332,76.26908332,,,,
,7,2460610.836,2024-10-27T08:03:11.455,219,0.912260684,-2.96803653,164.8721461,-2.965915976,164.8407602,1974.404131,1950.071367,2032.30206,97.35844228,83.00085784,117.2177745,,,,
,8,2460610.853,2024-10-27T08:28:33.000,2,1,8,171.5,8,171.5015047,1956.339245,1950.451657,1962.226832,98.15027801,97.48005561,98.82050042,,,,
,9,2460610.853,2024-10-27T08:28:33.000,5,0.944434872,4.4,172.8,4.40130039,172.7989298,1957.625432,1952.920834,1964.126929,102.6619708,101.1569617,103.9998041,,,,
,10,2460610.865,2024-10-27T08:45:14.400,7,0.913828731,14,198.4285714,14.00081585,198.428423,1954.896718,1950.797377,1960.041179,83.61278693,82.04066909,85.47698157,,,,
,11,2460610.875,2024-10-27T08:59:48.000,2,1,15,203.5,15,203.4993605,1956.650619,1954.147956,1959.153282,84.83240851,84.79334226,84.87147476,,,,
,12,2460610.875,2024-10-27T08:59:48.000,343,0.87042119,-3.405247813,206.8804665,-3.417172742,206.8747391,1980.336291,1950.753088,2046.977204,94.88938369,86.98456942,110.1558701,,,,
,13,2460610.882,2024-10-27T09:10:18.000,1,0,-12,227,-12,227,1951.190275,1951.190275,1951.190275,95.76436951,95.76436951,95.76436951,,,,
,14,2460610.882,2024-10-27T09:10:18.000,3,1,-13,231,-13.00030212,231,1960.887466,1953.076949,1974.731239,90.45100824,87.62407564,94.55992831,,,,
,15,2460610.882,2024-10-27T09:10:18.000,1,0,-12,234,-12,234,1954.818009,1954.818009,1954.818009,92.17624077,92.17624077,92.17624077,,,,
,16,2460610.882,2024-10-27T09:10:18.000,1,0,-14,234,-14,234,1952.204731,1952.204731,1952.204731,94.7676484,94.7676484,94.7676484,,,,
,17,2460610.882,2024-10-27T09:10:18.000,67,0.845083099,-6.268656716,234.9402985,-6.265915264,234.9368323,1968.329455,1950.640484,2008.013133,100.0910206,88.80794162,109.6971578,,,,
,18,2460610.882,2024-10-27T09:10:18.000,2,1,-2,237.5,-2,237.4996946,1953.17834,1951.985232,1954.371448,107.998066,107.1624603,108.8336716,,,,
,19,0,-04713-11-24T12:00:00.000,1,0,-13,239,-13,239,1950.321655,1950.321655,1950.321655,94.41353302,94.41353302,94.41353302,,,,
,20,0,-04713-11-24T12:00:00.000,1,0,-3,241,-3,241,1956.211568,1956.211568,1956.211568,102.0840584,102.0840584,102.0840584,,,,
,1,2460619.706,2024-11-05T04:57:03.000,2,1,-5,17.5,-5,17.49955122,1956.782935,1955.026589,1958.53928,115.9519736,114.8235926,117.0803546,,,,
,2,2460619.706,2024-11-05T04:57:03.000,1,0,-7,18,-7,18,1950.34677,1950.34677,1950.34677,106.8601224,106.8601224,106.8601224,,,,
,3,2460619.715,2024-11-05T05:10:01.680,1,0,-12,25,-12,25,1951.184844,1951.184844,1951.184844,111.4513798,111.4513798,111.4513798,,,,
,4,2460619.715,2024-11-05T05:10:01.680,2,1,-4,25.5,-4,25.49900126,1954.746467,1950.841908,1958.651026,121.9216069,121.1764965,122.6667172,,,,
,5,2460619.717,2024-11-05T05:12:30.000,1,0,-1,27,-1,27,1951.656314,1951.656314,1951.656314,127.6568876,127.6568876,127.6568876,,,,
,6,2460619.717,2024-11-05T05:12:30.000,1,0,-10,27,-10,27,1955.388978,1955.388978,1955.388978,116.6716619,116.6716619,116.6716619,,,,
1,7,2460619.717,2024-11-05T05:12:30.000,19,0.710994638,8.684210526,27.84210526,8.685281551,27.84140908,1970.809594,1950.285282,2006.818375,136.9395492,118.5792692,149.7063271,,,,
,8,2460619.717,2024-11-05T05:12:30.000,13,0.81837811,-12.53846154,29.46153846,-12.53881237,29.461756,1956.9087,1950.20306,1969.741148,112.9929809,108.2313984,116.284342,,,,
,9,2460619.717,2024-11-05T05:12:30.000,2,1,-1.5,30.5,-1.499467859,30.49946786,1953.096893,1951.018248,1955.175538,124.5306833,124.0987565,124.9626101,,,,
,10,2460619.717,2024-11-05T05:12:30.000,17,0.912038793,1.352941176,40.35294118,1.353316718,40.35114132,1960.485111,1951.458108,1972.217946,135.0297223,131.2837679,138.0767879,,,,
,11,2460619.728,2024-11-05T05:27:57.000,1,0,-5,51,-5,51,1953.18053,1953.18053,1953.18053,117.0562492,117.0562492,117.0562492,,,,
,12,2460619.728,2024-11-05T05:27:57.000,79,0.984664978,-12.65822785,51.13924051,-12.66168197,51.15559279,1968.063249,1950.176873,1997.053887,108.4260763,98.5821509,113.0839787,,,,
,13,2460619.73,2024-11-05T05:30:40.588,2,1,-6.5,54.5,-6.499900966,54.50009903,1951.22123,1950.834754,1951.607706,110.6598597,108.1808463,113.138873,,,,
,14,2460619.749,2024-11-05T05:58:51.000,1,0,-13,67,-13,67,1954.040514,1954.040514,1954.040514,100.6203982,100.6203982,100.6203982,,,,
,15,2460619.75,2024-11-05T06:00:10.457,3,1,-14,72,-14,71.99959397,1955.570405,1952.498074,1959.333005,105.8673005,105.1237474,106.9092248,,,,
2,16,2460619.76,2024-11-05T06:14:18.000,2,1,7.5,79,7.500293769,79,1952.014681,1950.8678,1953.161563,147.8443729,147.2136186,148.4751273,,,,
,17,2460619.76,2024-11-05T06:14:18.000,1,0,-14,79,-14,79,1956.701833,1956.701833,1956.701833,107.6864457,107.6864457,107.6864457,,,,
,1,0,-04713-11-24T12:00:00.000,8,0.707456979,-12.125,119.125,-12.12414618,119.1268561,1963.974651,1950.591607,1979.565007,107.7609361,101.2980042,112.5015289,,,,
,2,0,-04713-11-24T12:00:00.000,4,0.790569415,-8.25,121,-8.25016638,121.000462,1953.459332,1951.22336,1955.73227,122.1205631,116.6866899,126.9962102,,,,
,3,2460629.691,2024-11-15T04:35:24.000,2,1,-12,122.5,-12,122.4989904,1963.219522,1959.255399,1967.183644,110.096865,108.6582891,111.5354409,,,,
,4,2460629.691,2024-11-15T04:35:24.000,2,1,1,130.5,1,130.5005825,1957.607578,1955.326889,1959.888266,129.8537985,128.3351523,131.3724448,,,,
,5,2460629.697,2024-11-15T04:43:45.600,219,0.89050324,-9.273972603,135.6027397,-9.28005368,135.6024092,1972.552692,1950.307277,2011.553783,102.898346,86.96573517,132.3308154,,,,
,6,2460629.705,2024-11-15T04:54:37.680,1,0,-3,150,-3,150,1952.622946,1952.622946,1952.622946,114.2565861,114.2565861,114.2565861,,,,
,7,2460629.742,2024-11-15T05:48:43.837,1,0,-12,203,-12,203,1952.651411,1952.651411,1952.651411,102.8017172,102.8017172,102.8017172,,,,
,8,2460629.752,2024-11-15T06:03:19.200,1,0,-8,210,-8,210,1954.803241,1954.803241,1954.803241,109.4947581,109.4947581,109.4947581,,,,
,9,2460629.761,2024-11-15T06:15:31.592,1,0,-1,218,-1,218,1952.698695,1952.698695,1952.698695,135.7612127,135.7612127,135.7612127,,,,
,10,2460629.768,2024-11-15T06:25:40.800,465,0.986242437,-8.778494624,220.0516129,-8.796530999,220.153006,1975.759552,1950.013268,2042.024295,109.2092686,87.22711836,153.5767566,,,,
,11,2460629.768,2024-11-15T06:25:40.800,25,0.942200242,0.88,225.92,0.877486121,225.9168609,1959.70257,1950.747657,1972.271347,144.9008186,129.6637918,155.0909647,,,,
,12,2460629.793,2024-11-15T07:02:25.500,26,0.916938889,-3.423076923,261.1538462,-3.423649001,261.1553118,1970.674133,1952.354863,2004.138012,109.9241972,106.9837024,113.1506139,,,,
,13,2460629.798,2024-11-15T07:08:58.000,1,0,15,267,15,267,1970.476381,1970.476381,1970.476381,70.27793059,70.27793059,70.27793059,,,,
,14,2460629.798,2024-11-15T07:08:58.000,1,0,15,269,15,269,1951.785481,1951.785481,1951.785481,69.37461731,69.37461731,69.37461731,,,,
,15,2460629.805,2024-11-15T07:19:27.000,1,0,-3,279,-3,279,1961.416544,1961.416544,1961.416544,111.2167933,111.2167933,111.2167933,,,,
,1,2460632.828,2024-11-18T07:52:50.400,342,0.593119048,1.596491228,33.72222222,1.635910315,33.73125103,2001.561063,1950.620086,2100.424885,136.2446768,95.3737064,174.2956473,,,,
,2,2460632.843,2024-11-18T08:13:46.000,209,0.714704647,-8.296650718,57.70334928,-8.316975063,57.74961282,2006.043206,1950.168314,2096.294958,114.5248965,99.14526874,137.0441918,,,,
,3,2460632.65,2024-11-18T03:35:36.750,6,0.915793856,-1.333333333,215.5,-1.333499734,215.4998429,1955.273793,1950.608362,1958.665285,133.0217707,127.9984516,136.691049,,,,
,4,2460632.652,2024-11-18T03:38:14.000,1,0,-1,221,-1,221,1951.499113,1951.499113,1951.499113,132.8430695,132.8430695,132.8430695,,,,
,5,2460632.659,2024-11-18T03:48:42.000,1,0,-4,234,-4,234,1953.431574,1953.431574,1953.431574,114.1397329,114.1397329,114.1397329,,,,
,6,2460632.659,2024-11-18T03:48:42.000,13,0.799201054,-8.384615385,236.3846154,-8.385000065,236.3863479,1953.377316,1950.835639,1963.737293,104.2544298,99.70408886,109.4074151,,,,
,7,2460632.665,2024-11-18T03:58:12.545,1,0,-6,243,-6,243,1950.061728,1950.061728,1950.061728,110.3230564,110.3230564,110.3230564,,,,
,8,2460632.674,2024-11-18T04:11:12.471,215,0.946564531,-9.334883721,258.2325581,-9.336229324,258.2356215,1964.253597,1950.208596,1989.411538,108.4728762,98.85684245,125.1448001,,,,
,9,2460632.691,2024-11-18T04:34:52.941,1,0,-4,271,-4,271,1956.476893,1956.476893,1956.476893,117.6841461,117.6841461,117.6841461,,,,
,1,2460642.651,2024-11-28T03:37:54.000,1,0,-14,2,-14,2,1955.605722,1955.605722,1955.605722,84.11033947,84.11033947,84.11033947,,,,
,2,2460642.699,2024-11-28T04:46:54.960,490,0.943602917,-2.197959184,58.40816327,-2.1807724,58.40197393,2005.739835,1950.190461,2144.43767,129.8462406,96.3299391,149.3674185,,,,
,3,2460642.779,2024-11-28T06:41:19.560,4,1,15,128.5,15,128.4998296,1959.934559,1957.13781,1965.499277,85.87424392,84.74203482,87.23156188,,,,
3,4,2460642.785,2024-11-28T06:50:12.000,13,0.827000565,9.615384615,130.7692308,9.61543594,130.7691647,1965.455708,1953.378303,1981.639626,124.1459989,109.4710041,140.2782251,,,,
,5,2460642.785,2024-11-28T06:50:12.000,1,0,-14,131,-14,131,1959.067409,1959.067409,1959.067409,96.19865569,96.19865569,96.19865569,,,,
,6,2460642.785,2024-11-28T06:50:12.000,1,0,-14,134,-14,134,1951.847784,1951.847784,1951.847784,96.1865533,96.1865533,96.1865533,,,,
,7,2460643.311,2024-11-28T19:27:08.571,5,0.896093326,-3.2,189.4,-3.199897593,189.3999066,1952.439806,1950.356419,1956.940837,120.7565999,117.8961156,123.376664,,,,
,8,2460643.392,2024-11-28T21:24:57.882,17,0.917149062,-3.117647059,196.1764706,-3.118174629,196.1780729,1958.047256,1950.515295,1966.304336,122.5906162,119.3178902,126.1368328,,,,
,9,2460643.56,2024-11-29T01:26:35.593,37,0.908775137,-4.648648649,210.1081081,-4.649185859,210.1062435,1965.930805,1951.034094,1986.712891,121.7069519,114.9398963,125.110435,,,,
,10,2460643.723,2024-11-29T05:20:52.800,15,0.903277383,-1.466666667,238.4666667,-1.466498633,238.4660138,1956.245171,1950.352659,1964.822671,123.4757901,117.9982835,132.0887355,,,,
6,11,2460643.723,2024-11-29T05:20:52.800,8,0.812409755,7.75,238.625,7.749479389,238.6284048,1961.505397,1951.044651,1974.811437,129.2353336,117.4297487,135.9175413,,,,
,12,2460643.757,2024-11-29T06:10:22.680,117,0.788385464,-4.555555556,268.4358974,-4.558352676,268.4460649,1985.916923,1950.029774,2047.369715,112.3858061,95.83189103,120.7083219,,,,
,13,2460643.783,2024-11-29T06:46:57.600,62,0.881314276,-1.467741935,288.8709677,-1.465982633,288.8719836,1977.591711,1950.387375,2012.741199,120.7071805,109.0372817,129.0761845,,,,
,14,2460643.814,2024-11-29T07:32:24.429,83,0.440358725,-7.807228916,325.0240964,-7.794342544,325.0235278,1971.706239,1951.224241,2006.363993,112.6836363,101.2014104,126.2713647,,,,
,15,2460643.827,2024-11-29T07:50:20.000,7,0.909850172,-11,344.8571429,-10.99994506,344.8592892,1956.643179,1950.835967,1967.08741,101.8917705,99.8731656,104.197415,,,,
,16,2460643.827,2024-11-29T07:51:08.308,1,0,-12,349,-12,349,1950.090204,1950.090204,1950.090204,103.9728712,103.9728712,103.9728712,,,,
,17,2460643.828,2024-11-29T07:52:57.000,1,0,-12,351,-12,351,1959.798634,1959.798634,1959.798634,100.0984965,100.0984965,100.0984965,,,,
,18,2460643.828,2024-11-29T07:52:57.000,91,0.928165722,-2.758241758,351.4285714,-2.75741948,351.441272,1987.613136,1950.086423,2048.967611,118.8759716,105.8314423,125.2339761,,,,
,19,2460643.834,2024-11-29T08:00:48.000,1,0,-12,355,-12,355,1953.327181,1953.327181,1953.327181,101.4914512,101.4914512,101.4914512,,,,
,1,2460647.617,2024-12-03T02:48:18.000,1,0,-14,39,-14,39,1955.196599,1955.196599,1955.196599,101.3008436,101.3008436,101.3008436,,,,
,2,2460647.617,2024-12-03T02:48:18.000,45,0.675611921,-7.177777778,39.2,-7.173034506,39.19970154,1963.632797,1950.159529,1984.693478,110.4482371,97.52754193,122.1494157,,,,
,3,2460647.617,2024-12-03T02:48:18.000,3,0.816496581,-13.33333333,41.66666667,-13.3338877,41.66703898,1954.225805,1952.04308,1957.475907,98.99604606,98.09128431,99.53979907,,,,
,4,2460647.621,2024-12-03T02:54:49.875,9,0.947326937,-13.55555556,46.66666667,-13.55575854,46.66682618,1960.215605,1956.120147,1963.929546,100.0470149,98.82310683,102.0277317,,,,
,5,2460647.631,2024-12-03T03:09:12.000,346,0.950821145,-2.878612717,68.75433526,-2.8655905,68.72964576,2019.546642,1950.005728,2131.965994,130.326586,105.0437969,141.5606823,,,,
3,6,2460647.71,2024-12-03T05:02:22.800,3,0.816496581,8.666666667,133.3333333,8.66650924,133.3328326,1954.383072,1951.447118,1956.396012,138.9502884,132.6419238,146.2373125,,,,
,7,2460647.749,2024-12-03T05:58:49.800,1,0,-8,174,-8,174,1953.008284,1953.008284,1953.008284,102.4251445,102.4251445,102.4251445,,,,
,8,2460647.754,2024-12-03T06:05:06.000,1,0,-14,176,-14,176,1951.487455,1951.487455,1951.487455,101.2609354,101.2609354,101.2609354,,,,
,9,2460647.754,2024-12-03T06:05:06.000,3,0.816496581,-7.666666667,176.3333333,-7.666980758,176.3333099,1951.947935,1950.108665,1953.924651,106.5739463,104.4794623,109.3658407,,,,
,10,2460647.76,2024-12-03T06:14:33.849,1,0,6,183,6,183,1951.353048,1951.353048,1951.353048,141.0990665,141.0990665,141.0990665,,,,
,11,2460647.783,2024-12-03T06:46:54.000,6,1,15,202.5,15,202.5007308,1958.250407,1951.528018,1971.597981,77.05381964,74.39907188,80.49116073,,,,
,12,2460647.783,2024-12-03T06:46:54.000,57,0.759852032,-4.263157895,203.4736842,-4.266238888,203.4792087,1986.875093,1951.960226,2036.384332,122.6324674,106.4798514,136.7413909,,,,
,13,2460647.798,2024-12-03T07:08:46.227,25,0.88289985,-5.6,222.48,-5.599471786,222.4805376,1959.363587,1950.371413,1970.401597,108.9086138,95.84866101,117.9834703,,,,
,14,2460646.899,2024-12-02T09:34:43.610,95,0.777408592,-5.589473684,264.8526316,-5.585953052,264.8541767,1965.184129,1950.55025,1984.422433,113.3920293,102.771524,126.5432905,,,,
,15,2460646.649,2024-12-02T03:34:00.000,42,0.919437483,-1.261904762,288.8809524,-1.26082497,288.8824242,1964.161363,1951.032255,1986.223617,118.1373429,109.5264402,124.5126051,,,,
,16,2460646.7,2024-12-02T04:48:03.000,237,0.978266297,-10.71729958,337.0421941,-10.7218805,337.0780606,1982.255509,1950.301095,2024.085478,105.2613523,92.13832235,127.0262529,,,,
,17,2460646.7,2024-12-02T04:48:03.000,2,1,15,341.5,15,341.4998613,1956.376866,1955.834332,1956.9194,79.84239064,79.77234127,79.91244,,,,
,18,2460646.701,2024-12-02T04:48:56.743,1,0,15,345,15,345,1952.072641,1952.072641,1952.072641,77.7665158,77.7665158,77.7665158,,,,
,19,2460646.707,2024-12-02T04:58:30.000,5,1,15,350,15,350.003621,1956.987562,1950.033772,1966.439719,77.3931094,75.67232734,79.06967707,,,,
,20,2460646.707,2024-12-02T04:58:30.000,90,0.932588785,-2.877777778,352.0111111,-2.876784452,352.0351884,2004.927923,1951.868879,2079.888814,119.7725857,100.7299909,128.7031345,,,,
,21,2460646.707,2024-12-02T04:58:30.000,1,0,15,355,15,355,1950.855037,1950.855037,1950.855037,75.25577658,75.25577658,75.25577658,,,,
,1,2460649.627,2024-12-05T03:03:06.000,1,0,-11,5,-11,5,1951.495578,1951.495578,1951.495578,105.1924999,105.1924999,105.1924999,,,,
,2,2460649.627,2024-12-05T03:03:06.000,67,0.917538448,-3.582089552,6.970149254,-3.58019554,6.966830491,1983.728849,1950.723698,2026.97468,124.7209818,109.7168736,132.2627566,,,,
,3,2460649.668,2024-12-05T04:01:18.000,656,0.9842667,-6.172256098,60.11432927,-6.146964398,60.3112832,2003.00773,1950.071671,2223.007167,119.5001497,95.7293639,144.3197519,,,,
,4,2460649.73,2024-12-05T05:31:45.600,8,0.912870929,-3,114.5,-2.998239751,114.499842,1960.772143,1950.379086,1971.483707,121.5554926,117.5982079,124.3955125,,,,
3,5,2460649.754,2024-12-05T06:05:36.122,15,0.833306921,9.266666667,133.4,9.265535661,133.4043381,1978.826751,1954.046946,2011.431488,138.8802899,107.9470214,159.4125176,,,,
,6,2460649.791,2024-12-05T06:59:42.000,2,1,-14,171.5,-14,171.4990054,1957.685883,1953.791606,1961.580159,92.76363421,91.47924355,94.04802487,,,,
,7,2460649.799,2024-12-05T07:10:09.000,9,0.69458752,0.888888889,177.3333333,0.888615081,177.3319714,1960.546573,1951.205319,1980.261227,125.9220638,119.26201,134.5887567,,,,
4,8,2460649.799,2024-12-05T07:10:09.000,13,0.819005025,6,182.4615385,6.001275686,182.4630393,1968.810585,1950.460496,1986.217661,139.3139958,124.9084896,145.8108995,,,,
,9,2460649.806,2024-12-05T07:20:36.000,18,0.995607887,-13.83333333,191.9444444,-13.83492214,191.9518558,1974.878108,1950.656844,2002.300885,93.56362344,89.39591857,96.6698056,,,,
,10,2460649.813,2024-12-05T07:31:03.000,51,0.914435195,-2.921568627,206.9411765,-2.925755195,206.9329948,1983.085093,1950.757284,2040.306778,124.5450444,104.6487915,136.7524727,,,,
,11,2460649.591,2024-12-05T02:10:45.000,1,0,-3,345,-3,345,1955.593424,1955.593424,1955.593424,122.3666503,122.3666503,122.3666503,,,,
,12,2460649.591,2024-12-05T02:10:45.000,1,0,15,346,15,346,1954.533746,1954.533746,1954.533746,72.88475084,72.88475084,72.88475084,,,,
,13,2460649.591,2024-12-05T02:10:45.000,176,0.252738838,-6.579545455,353.9659091,-6.563480836,353.9941852,1990.458117,1950.854034,2058.743784,112.7829018,95.13585816,130.118033,,,,
1,1,2460681.649,2025-01-06T03:34:32.400,93,0.509287789,9.64516129,56.35483871,9.632211293,56.35251609,1998.662249,1951.322336,2086.215217,126.0461618,81.20927872,160.3461536,,,,
,2,2460681.694,2025-01-06T04:39:03.857,744,0.872310043,-4.306451613,92.90860215,-4.289758051,92.96005995,2013.805028,1950.021128,2166.360426,113.5245658,69.1095917,152.4949203,,,,
,3,2460681.744,2025-01-06T05:50:48.000,197,0.922582066,-8.52284264,140.0050761,-8.500308778,139.9767173,1994.575097,1950.021316,2108.797947,114.4762619,101.7470351,133.394758,,,,
3,4,2460681.751,2025-01-06T06:01:11.000,31,0.610174924,10.09677419,146.8709677,10.09489161,146.8650385,1983.791449,1950.054842,2025.720457,123.5000631,86.8879063,156.2061758,,,,
,5,2460681.767,2025-01-06T06:24:46.588,1,0,0,162,0,162,1950.00027,1950.00027,1950.00027,135.7198841,135.7198841,135.7198841,,,,
,6,2460681.772,2025-01-06T06:32:09.600,8,0.851469318,-3.625,169.875,-3.625451077,169.8750942,1957.539029,1952.364832,1962.120791,130.1660065,124.2572615,134.5356994,,,,
,7,2460681.774,2025-01-06T06:34:06.419,1,0,-5,173,-5,173,1950.506058,1950.506058,1950.506058,120.9422619,120.9422619,120.9422619,,,,
4,8,2460681.775,2025-01-06T06:36:14.634,6,0.790569415,6.5,175,6.500312847,174.9985781,1962.896059,1951.244104,1972.269279,152.9662062,148.2767014,156.0188254,,,,
,9,2460681.801,2025-01-06T07:14:00.000,3,1,-11,219,-10.99652374,219,1964.8871,1951.599418,1972.09078,122.1175209,118.4837827,128.2367739,,,,
,10,2460681.56,2025-01-06T01:26:18.000,2,1,15,333.5,15,333.4998467,1951.76356,1951.165016,1952.362105,85.91048424,84.86727082,86.95369765,,,,
10,11,2460681.56,2025-01-06T01:26:18.000,5,0.938083152,10.8,333.8,10.80041204,333.7998932,1953.362326,1950.947328,1955.621706,98.47363084,93.1419537,102.8565311,,,,
,1,2460692.669,2025-01-17T04:03:57.000,6,0.87038828,-3.166666667,2,-3.165739956,1.998506966,1958.303228,1952.778157,1963.458466,119.2087416,118.0685298,120.4580549,,,,
,2,2460692.669,2025-01-17T04:03:57.000,2,1,15,5.5,15,5.498973718,1957.208053,1953.190756,1961.225349,83.62993549,83.61958324,83.64028774,,,,
,3,2460692.669,2025-01-17T04:03:57.000,14,0.910807449,8.357142857,9,8.357764741,8.998983138,1956.675125,1951.243845,1964.699701,120.9793765,109.9603005,128.9450229,,,,
,4,2460692.669,2025-01-17T04:03:57.000,86,0.947834658,-11.38372093,9.476744186,-11.38596566,9.479318,1972.832159,1950.744232,2005.361883,100.1636898,92.77982815,110.8763733,,,,
,5,2460692.685,2025-01-17T04:26:50.000,1,0,-10,22,-10,22,1950.244035,1950.244035,1950.244035,99.64238065,99.64238065,99.64238065,,,,
1,6,2460692.496,2025-01-16T23:54:55.200,1,0,9,63,9,63,1956.12675,1956.12675,1956.12675,115.1826953,115.1826953,115.1826953,,,,
,7,2460692.277,2025-01-16T18:38:56.870,59,0.908737733,-5.305084746,88.47457627,-5.306017888,88.47762576,1965.106117,1950.564441,1988.096888,121.3739647,112.9160774,129.9509462,,,,
,8,2460692.034,2025-01-16T12:49:21.176,6,0.790569415,9,107.5,9.000060052,107.4997507,1952.116152,1950.206406,1955.289636,127.6765677,121.4519621,133.3027401,,,,
,9,2460692.068,2025-01-16T13:38:30.079,1,0,8,110,8,110,1952.911071,1952.911071,1952.911071,128.8005857,128.8005857,128.8005857,,,,
,10,2460692.074,2025-01-16T13:46:16.923,1,0,6,113,6,113,1954.516861,1954.516861,1954.516861,132.4113119,132.4113119,132.4113119,,,,
2,11,2460692.066,2025-01-16T13:35:06.390,13,0.901180409,8.307692308,114.5384615,8.307609769,114.5380885,1956.027188,1950.570948,1961.461626,123.9697985,115.5408417,128.6705283,,,,
,12,2460692.019,2025-01-16T12:27:06.000,1,0,10,117,10,117,1950.466901,1950.466901,1950.466901,110.3210117,110.3210117,110.3210117,,,,
,13,2460691.793,2025-01-16T07:02:35.000,1,0,-7,144,-7,144,1952.810833,1952.810833,1952.810833,110.5596982,110.5596982,110.5596982,,,,
,14,2460691.632,2025-01-16T03:10:46.800,2,1,-2.5,184,-2.499743662,184,1952.758937,1951.757805,1953.760069,124.7342014,123.5511899,125.9172129,,,,
,15,2460691.639,2025-01-16T03:20:29.765,320,0.984980486,-10.184375,188.446875,-10.18645143,188.4680222,1984.004944,1950.146768,2070.772453,105.6944382,91.33367021,125.173882,,,,
,16,2460692.041,2025-01-16T12:58:27.000,19,0.796950462,-4.421052632,263,-4.422096844,262.9995524,1960.710317,1950.205688,1974.453861,126.2790893,121.9318883,129.503803,,,,
,17,2460692.073,2025-01-16T13:44:44.966,1,0,-8,274,-8,274,1951.846366,1951.846366,1951.846366,114.1213768,114.1213768,114.1213768,,,,
,18,2460692.199,2025-01-16T16:46:15.031,279,0.897755579,-7.698924731,293.7634409,-7.703019104,293.7874283,1988.834048,1950.19894,2037.052417,120.5528617,108.8536138,135.2502484,,,,
,19,2460692.27,2025-01-16T18:29:00.000,1,0,-9,320,-9,320,1950.315009,1950.315009,1950.315009,111.8200175,111.8200175,111.8200175,,,,
,20,2460692.272,2025-01-16T18:31:24.818,14,0.580749641,-3.571428571,322.3571429,-3.571261803,322.3577106,1959.569359,1952.414001,1971.858867,127.3529061,118.6087514,131.6987618,,,,
,1,2460702.57,2025-01-27T01:40:12.000,5,0.816496581,-10.8,34.4,-10.8004573,34.40008631,1954.061369,1951.27685,1958.379284,100.1925455,96.8838561,105.2015192,,,,
,2,2460702.57,2025-01-27T01:40:12.000,1,0,-11,38,-11,38,1951.188026,1951.188026,1951.188026,106.1277001,106.1277001,106.1277001,,,,
,3,2460702.584,2025-01-27T02:01:06.000,1,0,-3,58,-3,58,1953.548974,1953.548974,1953.548974,127.1178564,127.1178564,127.1178564,,,,
,4,2460702.584,2025-01-27T02:01:06.000,3,0.816496581,-2.666666667,60.66666667,-2.667722522,60.6664343,1956.724572,1950.52652,1961.558569,124.8890866,123.5865649,126.5573667,,,,
1,5,2460702.589,2025-01-27T02:07:38.812,50,0.887904511,7.82,65.6,7.821289562,65.60100421,1992.983719,1950.78008,2061.533762,145.248215,122.225268,167.8815991,,,,
,6,2460702.599,2025-01-27T02:22:02.400,890,0.973065104,-6.02247191,90.16292135,-6.016772308,90.20665926,1988.662941,1950.117029,2074.686453,112.6993682,91.94237385,164.8525515,,,,
,7,2460702.661,2025-01-27T03:51:36.000,4,1,15,146.5,15,146.498141,1957.493924,1950.125853,1963.154607,79.56072972,78.26855617,81.44765966,,,,
3,8,2460702.663,2025-01-27T03:55:00.429,3,0.97372313,9.333333333,149,9.33335386,148.9999312,1951.787648,1951.504729,1951.950375,123.9132074,121.7143713,126.912986,,,,
,9,2460702.68,2025-01-27T04:19:04.714,13,0.987280905,14.76923077,160.5384615,14.77077984,160.5410515,1967.055903,1951.425142,1990.298973,75.95758757,71.3986059,79.30184192,,,,
4,10,2460702.709,2025-01-27T05:01:14.093,95,0.330767822,10.50526316,178.8105263,10.49430371,178.8030174,1986.106672,1950.225431,2048.728136,110.2999175,73.81571005,158.2637779,,,,
,11,2460702.71,2025-01-27T05:02:13.773,329,0.993139725,-6.720364742,179.4984802,-6.722412563,179.5260079,1975.418573,1950.043002,2026.727282,122.5287523,101.6335648,144.5883237,,,,
,12,2460702.711,2025-01-27T05:03:10.800,1,0,15,188,15,188,1951.36949,1951.36949,1951.36949,82.63421297,82.63421297,82.63421297,,,,
,13,2460702.764,2025-01-27T06:19:30.706,51,0.839249945,-10.62745098,233.6666667,-10.62602014,233.6670095,1965.594675,1950.204711,1993.434676,107.4015094,101.8294074,112.9901176,,,,
,14,2460702.769,2025-01-27T06:26:54.000,1,0,-12,241,-12,241,1952.633948,1952.633948,1952.633948,100.2010237,100.2010237,100.2010237,,,,
,15,2460702.783,2025-01-27T06:47:50.000,8,0.949735295,14.625,265.875,14.62614095,265.8757263,1957.900811,1950.549428,1970.79825,88.42816532,84.13719944,90.44716632,,,,
,16,2460702.784,2025-01-27T06:49:30.480,1,0,14,271,14,271,1955.52102,1955.52102,1955.52102,90.70658052,90.70658052,90.70658052,,,,
,17,2460702.785,2025-01-27T06:50:27.000,424,0.919108101,-7.964622642,271.8726415,-7.994068725,271.9838324,2009.633117,1950.039534,2129.88185,124.3895304,100.6846002,156.0320812,,,,
,18,2460702.79,2025-01-27T06:58:18.000,19,0.956833285,14.31578947,279.8947368,14.31706756,279.8901896,1969.627021,1951.206133,1996.358865,102.8940873,88.43156293,111.0997796,,,,
,1,2460703.752,2025-01-28T06:03:12.000,4,0.912870929,-10.75,2.25,-10.74994361,2.249345351,1954.276205,1951.936118,1957.494387,121.8624652,119.8186799,123.2669431,,,,
,2,2460703.752,2025-01-28T06:03:12.000,38,0.667679088,-4.026315789,3.815789474,-4.026443947,3.818004246,1981.569411,1950.692069,2026.735001,131.6129365,119.3137939,142.5089078,,,,
,3,2460703.758,2025-01-28T06:10:48.000,118,0.911331934,12.44067797,12.18644068,12.46263713,12.16574795,1995.340539,1951.288823,2064.238908,91.38944183,77.72109346,132.5528123,,,,
,4,2460703.767,2025-01-28T06:24:06.000,1,0,15,29,15,29,1952.459302,1952.459302,1952.459302,78.02030537,78.02030537,78.02030537,,,,
,5,2460703.767,2025-01-28T06:24:06.000,2,1,15,33.5,15,33.50035677,1954.762154,1953.367357,1956.156951,75.11793247,74.63035262,75.60551233,,,,
,6,2460703.767,2025-01-28T06:24:06.000,324,0.995042917,-11.71604938,40.5617284,-11.7288167,40.49023058,1996.896046,1950.103785,2068.63737,112.9288911,84.22617218,134.1468872,,,,
,7,2460703.774,2025-01-28T06:34:33.000,12,0.894125085,-1,47.83333333,-1.000070629,47.83527005,1960.748635,1950.499156,1978.584865,130.1414069,127.6645826,133.1337128,,,,
,8,2460703.774,2025-01-28T06:34:33.000,1,0,15,51,15,51,1958.703184,1958.703184,1958.703184,68.98323315,68.98323315,68.98323315,,,,
1,9,2460703.781,2025-01-28T06:45:00.000,100,0.793621412,11.01,63.64,10.99860078,63.64231564,1984.125796,1950.515579,2045.281837,92.68823006,51.26090781,145.9461127,,,,
,10,2460703.789,2025-01-28T06:55:27.000,1,0,-10,74,-10,74,1954.035118,1954.035118,1954.035118,92.6137661,92.6137661,92.6137661,,,,
,11,2460703.789,2025-01-28T06:55:27.000,1,0,-10,77,-10,77,1955.336456,1955.336456,1955.336456,93.50686416,93.50686416,93.50686416,,,,
,12,2460703.529,2025-01-28T00:41:39.000,2,1,-4,164.5,-4,164.5001058,1952.508868,1952.095545,1952.92219,112.6879243,112.6876303,112.6882183,,,,
,13,2460703.529,2025-01-28T00:41:39.000,1,0,-7,166,-7,166,1955.895991,1955.895991,1955.895991,94.62770147,94.62770147,94.62770147,,,,
,14,2460703.529,2025-01-28T00:41:39.000,1,0,-6,168,-6,168,1954.215108,1954.215108,1954.215108,102.859814,102.859814,102.859814,,,,
4,15,2460703.536,2025-01-28T00:52:08.000,36,0.768420208,9.305555556,178.6666667,9.300677322,178.6626589,1973.474917,1950.265223,2009.882314,107.4330093,81.29432484,129.1736239,,,,
,16,2460703.587,2025-01-28T02:05:24.462,571,0.997298414,-9.942206655,235.7793345,-9.937387334,235.7221924,1975.216767,1950.10628,2030.185614,102.3380227,88.99249288,116.4033037,,,,
,17,2460703.667,2025-01-28T04:00:49.500,29,0.785604276,-3.965517241,305.862069,-3.966385857,305.8609366,1969.251155,1950.029558,1989.931639,121.8681535,116.3514953,127.5808315,,,,
10,18,2460703.701,2025-01-28T04:50:01.500,7,0.919086217,6.285714286,340.7142857,6.286185158,340.7156135,1966.089068,1952.445844,1978.497493,138.5604834,134.8140976,144.2250014,,,,
,19,2460703.701,2025-01-28T04:50:01.500,5,0.816496581,-4.4,341.2,-4.399829542,341.2003126,1957.305297,1953.487925,1964.16776,123.9366821,122.6237056,125.1290854,,,,
,20,2460703.701,2025-01-28T04:50:01.500,1,0,-4,344,-4,344,1964.661898,1964.661898,1964.661898,125.0829568,125.0829568,125.0829568,,,,
,1,2460704.573,2025-01-29T01:44:52.000,10,0.564798175,-2.9,4.7,-2.900195071,4.700996239,1956.622626,1950.240111,1972.62307,116.3361104,108.5334119,121.3123609,,,,
,2,2460704.592,2025-01-29T02:12:27.960,5,1,-1,38,-1,37.99952029,1952.930058,1951.556207,1955.257968,126.8048153,124.5944404,127.7810274,,,,
,3,2460704.602,2025-01-29T02:27:14.400,21,0.957121849,-0.142857143,46.71428571,-0.142451281,46.71351775,1959.968847,1951.521977,1973.092634,132.5328064,128.6616188,136.6781269,,,,
1,4,2460704.617,2025-01-29T02:48:19.200,45,0.899776011,8.2,65.33333333,8.199683524,65.33778203,1998.618883,1950.714853,2050.809232,142.5259182,108.5248822,167.851986,,,,
,5,2460704.633,2025-01-29T03:10:58.800,973,0.989930249,-8.340184995,78.34635149,-8.333413828,78.46489262,1998.741659,1950.094787,2105.041651,111.093298,91.01658481,148.8681298,,,,
,6,2460704.648,2025-01-29T03:33:27.600,2,1,15,90.5,15,90.49933632,1957.808234,1955.209535,1960.406933,66.41989403,66.11749477,66.7222933,,,,
2,7,2460704.678,2025-01-29T04:16:55.395,40,0.939809182,7.55,110.45,7.550092625,110.4495439,1976.742116,1955.198923,2007.280789,143.353453,117.7831527,166.9200093,,,,
,8,2460704.68,2025-01-29T04:19:03.600,8,0.984250984,14.875,114,14.87548663,114.0001369,1958.939168,1951.312888,1967.380451,70.78987929,66.59151668,74.95394514,,,,
,9,2460704.687,2025-01-29T04:29:16.979,1,0,15,121,15,121,1950.121146,1950.121146,1950.121146,65.50836422,65.50836422,65.50836422,,,,
,10,2460704.695,2025-01-29T04:41:11.182,1,0,15,124,15,124,1952.573911,1952.573911,1952.573911,65.57577227,65.57577227,65.57577227,,,,
,11,2460704.711,2025-01-29T05:03:44.400,39,0.995728361,14.58974359,139.7948718,14.59099145,139.8045075,1966.661896,1951.199063,2010.535007,69.35046584,63.5645861,76.60917808,,,,
,12,2460704.726,2025-01-29T05:25:18.000,5,1,15,157,15,156.9999189,1956.845588,1953.81924,1961.84883,69.08695793,67.89709495,70.63255175,,,,
,13,2460704.727,2025-01-29T05:26:18.545,103,0.953773736,-3.281553398,162.3106796,-3.274691251,162.2950227,1971.944633,1950.058148,2021.804807,124.1618526,104.1831303,140.5115264,,,,
,14,2460704.729,2025-01-29T05:29:37.903,8,1,15,164.5,15,164.5004155,1961.962556,1953.205455,1973.969105,70.76698787,69.40030447,73.0008391,,,,
4,15,2460704.752,2025-01-29T06:02:33.000,32,0.796047342,7.71875,180.15625,7.714483099,180.1508547,1984.722782,1953.179714,2027.402964,124.0909395,97.59541136,151.8314773,,,,
,16,2460704.752,2025-01-29T06:02:33.000,1,0,15,182,15,182,1954.489692,1954.489692,1954.489692,71.90854771,71.90854771,71.90854771,,,,
,17,2460704.752,2025-01-29T06:03:35.829,11,1,15,189,15,188.9993057,1960.451847,1951.067587,1968.810493,70.18625388,69.03879676,71.99032257,,,,
,18,2460704.76,2025-01-29T06:14:46.000,35,0.901148251,-8.914285714,195.2857143,-8.914660935,195.2816295,1973.049967,1952.647609,1999.515321,117.0302528,110.5651442,125.6749983,,,,
,19,2460704.76,2025-01-29T06:14:46.000,1,0,15,196,15,196,1951.516416,1951.516416,1951.516416,73.06620561,73.06620561,73.06620561,,,,
,20,2460704.762,2025-01-29T06:16:59.760,6,0.738293935,-8.666666667,203.1666667,-8.666845125,203.1671477,1955.636855,1950.634334,1961.54137,120.4484488,117.9788977,123.5748804,,,,
,21,2460704.77,2025-01-29T06:28:42.000,57,0.970989083,-9.666666667,214.1929825,-9.667074409,214.1923057,1966.798064,1950.054088,1991.499211,123.8568902,116.005836,133.6776137,,,,
,22,2460704.784,2025-01-29T06:49:36.000,8,0.779334669,-10.25,225,-10.25052113,224.9979491,1961.675796,1951.064626,1983.334116,127.0710829,123.5554369,129.3858122,,,,
,23,2460704.784,2025-01-29T06:49:36.000,3,1,-9,229,-8.999461037,229,1955.653076,1952.450848,1958.895457,129.240686,127.5203385,131.8592773,,,,
,24,2460704.784,2025-01-29T06:49:36.000,11,0.879934694,-9.090909091,233.6363636,-9.089842967,233.6323271,1964.584892,1951.35011,1983.735007,127.2424059,121.3474449,131.444312,,,,
,25,2460704.784,2025-01-29T06:49:36.000,1,0,-9,238,-9,238,1953.453671,1953.453671,1953.453671,121.9669785,121.9669785,121.9669785,,,,
,26,2460704.536,2025-01-29T00:52:03.000,85,0.933790803,-0.611764706,349.2941176,-0.612189052,349.2898029,1967.704592,1950.040707,1997.575845,121.6871231,112.9127835,135.5422999,,,,
,1,2460736.59,2025-03-02T02:09:33.000,3,0.97372313,7.333333333,29,7.332476133,29.00296782,1957.98559,1950.623043,1970.383296,118.1946303,115.0159072,120.1085274,,,,
,2,2460736.59,2025-03-02T02:09:33.000,24,0.743900424,6.125,35,6.124390365,34.99974612,1964.399076,1950.088279,1992.466141,119.5875794,103.0318398,126.0597888,,,,
,3,2460736.59,2025-03-02T02:09:33.000,1,0,1,38,1,38,1951.592916,1951.592916,1951.592916,120.247378,120.247378,120.247378,,,,
,4,2460736.59,2025-03-02T02:09:33.000,4,0.985171431,-7.5,40.5,-7.499152759,40.49997426,1953.951135,1950.205606,1957.89788,108.1377041,100.7417601,113.7087209,,,,
,5,2460736.59,2025-03-02T02:09:33.000,9,0.866442384,-8.333333333,43.66666667,-8.333488691,43.66586945,1961.220682,1950.144095,1975.386612,108.2490999,99.42547794,113.2356927,,,,
,6,2460736.614,2025-03-02T02:44:28.500,29,0.919326233,-8.620689655,70.20689655,-8.618800809,70.20662133,1962.849266,1951.356669,1981.513552,115.505702,110.708823,118.5156504,,,,
,7,2460736.654,2025-03-02T03:41:22.500,27,0.845917054,-10.51851852,94.7037037,-10.51756831,94.70276049,1964.64153,1950.128651,1981.118264,110.6054027,102.9749415,114.6631016,,,,
,8,2460736.677,2025-03-02T04:15:09.600,423,0.917877316,-7.853427896,125.2718676,-7.873206727,125.2446108,1989.598347,1950.335782,2067.575052,113.8130115,94.40567643,143.3444595,,,,
3,9,2460736.694,2025-03-02T04:39:51.750,4,0.924176372,8,156.5,7.999991156,156.4995912,1956.217416,1954.221354,1960.687798,165.3775144,158.8183365,169.916945,,,,
